Cliente;Pedido;Demanda
C1;P#11;2.38
C1;P#21;2.38
C1;P#31;2.38
C1;P#41;2.38
C1;P#51;2.38
C1;P#61;4.77
C1;P#71;2.38
C1;P#81;2.38
C1;P#91;4.77
C1;P#101;2.38
C1;P#111;2.38
C1;P#121;4.77
C2;P#12;4.77
C2;P#22;2.38
C2;P#32;2.38
C2;P#42;2.38
C2;P#52;2.38
C3;P#13;14.3
C3;P#23;2.38
C3;P#33;2.38
C3;P#43;2.38
C3;P#53;2.38
C3;P#63;4.77
C3;P#73;2.38
C3;P#83;2.38
C3;P#93;2.38
C3;P#103;16.69
C3;P#113;2.38
C3;P#123;9.54
C3;P#133;7.15
C3;P#143;7.15
C3;P#153;2.38
C3;P#163;2.38
C3;P#173;4.77
C3;P#183;2.38
C3;P#193;2.38
C3;P#203;2.38
C3;P#213;2.38
C4;P#14;2.38
C4;P#24;2.38
C4;P#34;2.38
C4;P#44;7.15
C4;P#54;2.38
C4;P#64;2.38
C4;P#74;2.38
C4;P#84;2.38
C4;P#94;2.38
C4;P#104;7.15
C4;P#114;2.38
C4;P#124;2.38
C4;P#134;4.77
C4;P#144;2.38
C5;P#15;2.38
C5;P#25;2.38
C5;P#35;2.38
C6;P#16;2.38
C7;P#17;2.38
C7;P#27;2.38
C8;P#18;2.38
C8;P#28;2.38
C8;P#38;2.38
C9;P#19;2.38
C9;P#29;2.38
C9;P#39;2.38
C9;P#49;2.38
C10;P#110;2.38
C10;P#210;2.38
C10;P#310;2.38
C10;P#410;2.38
C10;P#510;2.38
C10;P#610;2.38
C10;P#710;2.38
C10;P#810;2.38
C10;P#910;2.38
C11;P#111;2.38
C11;P#211;4.77
C12;P#112;2.38
C12;P#212;2.38
C12;P#312;2.38
C12;P#412;2.38
C13;P#113;4.77
C13;P#213;2.38
C13;P#313;2.38
C13;P#413;2.38
C13;P#513;2.38
C14;P#114;2.38
C15;P#115;2.38
C15;P#215;2.38
C16;P#116;2.38
C16;P#216;2.38
C16;P#316;4.77
C17;P#117;2.38
C17;P#217;2.38
C17;P#317;9.54
C18;P#118;2.38
C18;P#218;4.77
C18;P#318;4.77
C18;P#418;2.38
C18;P#518;4.77
C18;P#618;2.38
C18;P#718;7.15
C18;P#818;7.15
C18;P#918;2.38
C18;P#1018;2.38
C19;P#119;4.77
C19;P#219;2.38
C19;P#319;2.38
C19;P#419;7.15
C19;P#519;2.38
C19;P#619;2.38
C19;P#719;2.38
C19;P#819;2.38
C19;P#919;7.15
C19;P#1019;4.77
C20;P#120;2.38
C20;P#220;2.38
C20;P#320;2.38
C20;P#420;2.38
C20;P#520;2.38
C20;P#620;4.77
C20;P#720;2.38
C20;P#820;2.38
C20;P#920;2.38
C20;P#1020;2.38
C20;P#1120;2.38
C20;P#1220;2.38
C20;P#1320;2.38
C20;P#1420;2.38
C20;P#1520;2.38
C20;P#1620;2.38
C20;P#1720;4.77
C20;P#1820;2.38
C21;P#121;4.77
C21;P#221;2.38
C21;P#321;4.77
C21;P#421;4.77
C21;P#521;2.38
C21;P#621;2.38
C21;P#721;2.38
C21;P#821;2.38
C21;P#921;2.38
C21;P#1021;2.38
C21;P#1121;2.38
C21;P#1221;2.38
C22;P#122;2.38
C23;P#123;2.38
C23;P#223;2.38
C23;P#323;2.38
C23;P#423;2.38
C23;P#523;2.38
C24;P#124;2.38
C26;P#126;2.38
C26;P#226;2.38
C26;P#326;4.77
C26;P#426;2.38
C26;P#526;2.38
C26;P#626;2.38
C26;P#726;2.38
C26;P#826;2.38
C27;P#127;2.38
C27;P#227;2.38
C27;P#327;2.38
C29;P#129;2.38
C30;P#130;2.38
C30;P#230;2.38
C31;P#131;2.38
C31;P#231;2.38
C31;P#331;2.38
C33;P#133;2.38
C33;P#233;4.77
C33;P#333;2.38
C33;P#433;2.38
C33;P#533;2.38
C34;P#134;4.77
C34;P#234;2.38
C34;P#334;2.38
C35;P#135;2.38
C35;P#235;2.38
C35;P#335;2.38
C35;P#435;2.38
C36;P#136;2.38
C38;P#138;2.38
C38;P#238;2.38
C38;P#338;2.38
C38;P#438;2.38
C39;P#139;2.38
C39;P#239;4.77
C39;P#339;2.38
C39;P#439;2.38
C39;P#539;2.38
C40;P#140;2.38
C40;P#240;2.38
C40;P#340;2.38
C41;P#141;2.38
C41;P#241;4.77
C41;P#341;4.77
C41;P#441;2.38
C41;P#541;4.77
C41;P#641;2.38
C41;P#741;2.38
C41;P#841;2.38
C41;P#941;2.38
C41;P#1041;2.38
C41;P#1141;9.54
C41;P#1241;7.15
C41;P#1341;2.38
C41;P#1441;2.38
C41;P#1541;2.38
C42;P#142;2.38
C42;P#242;2.38
C42;P#342;2.38
C43;P#143;2.38
C43;P#243;2.38
C44;P#144;2.38
C44;P#244;2.38
C46;P#146;4.77
C46;P#246;2.38
C46;P#346;2.38
C47;P#147;2.38
C48;P#148;2.38
C48;P#248;2.38
C48;P#348;2.38
C48;P#448;2.38
C48;P#548;2.38
C48;P#648;2.38
C48;P#748;4.77
C49;P#149;2.38
C49;P#249;2.38
C49;P#349;2.38
C49;P#449;2.38
C50;P#150;2.38
C50;P#250;2.38
C50;P#350;2.38
C51;P#151;2.38
C51;P#251;2.38
C51;P#351;2.38
C52;P#152;4.77
C52;P#252;2.38
C52;P#352;2.38
C53;P#153;2.38
C53;P#253;2.38
C53;P#353;4.77
C53;P#453;2.38
C54;P#154;2.38
C54;P#254;2.38
C55;P#155;2.38
C55;P#255;7.15
C55;P#355;2.38
C56;P#156;2.38
C56;P#256;2.38
C56;P#356;2.38
C56;P#456;4.77
C56;P#556;2.38
C56;P#656;2.38
C56;P#756;2.38
C56;P#856;2.38
C56;P#956;2.38
C57;P#157;2.38
C57;P#257;2.38
C57;P#357;2.38
C57;P#457;2.38
C57;P#557;2.38
C57;P#657;2.38
C57;P#757;4.77
C58;P#158;2.38
C58;P#258;2.38
C58;P#358;2.38
C58;P#458;4.77
C58;P#558;2.38
C58;P#658;2.38
C58;P#758;4.77
C58;P#858;26.22
C58;P#958;2.38
C58;P#1058;2.38
C58;P#1158;2.38
C58;P#1258;2.38
C58;P#1358;2.38
C58;P#1458;2.38
C58;P#1558;2.38
C58;P#1658;97.74
C58;P#1758;2.38
C58;P#1858;2.38
C58;P#1958;2.38
C58;P#2058;2.38
C58;P#2158;4.77
C58;P#2258;4.77
C58;P#2358;2.38
C58;P#2458;2.38
C58;P#2558;2.38
C58;P#2658;23.84
C58;P#2758;16.69
C58;P#2858;2.38
C58;P#2958;38.14
C58;P#3058;2.38
C58;P#3158;2.38
C59;P#159;4.77
C59;P#259;2.38
C59;P#359;4.77
C59;P#459;11.92
C59;P#559;2.38
C59;P#659;40.52
C59;P#759;4.77
C59;P#859;2.38
C59;P#959;16.69
C60;P#160;2.38
C60;P#260;4.77
C60;P#360;4.77
C60;P#460;2.38
C60;P#560;2.38
C60;P#660;4.77
C60;P#760;4.77
C60;P#860;2.38
C60;P#960;2.38
C60;P#1060;2.38
C60;P#1160;2.38
C60;P#1260;2.38
C60;P#1360;2.38
C60;P#1460;2.38
C60;P#1560;2.38
C60;P#1660;2.38
C60;P#1760;2.38
C60;P#1860;7.15
C60;P#1960;2.38
C60;P#2060;14.3
C60;P#2160;2.38
C60;P#2260;11.92
C61;P#161;2.38
C61;P#261;2.38
C62;P#162;2.38
C63;P#163;2.38
C63;P#263;2.38
C64;P#164;2.38
C64;P#264;2.38
C64;P#364;2.38
C65;P#165;2.38
C65;P#265;2.38
C65;P#365;2.38
C65;P#465;2.38
C66;P#166;2.38
C66;P#266;2.38
C66;P#366;2.38
C66;P#466;2.38
C66;P#566;2.38
C66;P#666;2.38
C66;P#766;9.54
C66;P#866;14.3
C66;P#966;16.69
C66;P#1066;2.38
C66;P#1166;4.77
C66;P#1266;2.38
C67;P#167;14.3
C67;P#267;4.77
C67;P#367;2.38
C67;P#467;14.3
C67;P#567;2.38
C67;P#667;2.38
C67;P#767;7.15
C67;P#867;9.54
C67;P#967;9.54
C67;P#1067;33.37
C67;P#1167;2.38
C67;P#1267;95.35
C67;P#1367;4.77
C67;P#1467;2.38
C67;P#1567;52.44
C67;P#1667;4.77
C67;P#1767;4.77
C67;P#1867;2.38
C67;P#1967;9.54
C67;P#2067;4.77
C67;P#2167;2.38
C67;P#2267;16.69
C67;P#2367;2.38
C67;P#2467;7.15
C67;P#2567;11.92
C67;P#2667;2.38
C67;P#2767;9.54
C67;P#2867;4.77
C67;P#2967;16.69
C67;P#3067;2.38
C67;P#3167;4.77
C67;P#3267;2.38
C67;P#3367;9.54
C67;P#3467;9.54
C67;P#3567;4.77
C67;P#3667;9.54
C67;P#3767;2.38
C67;P#3867;2.38
C67;P#3967;2.38
C67;P#4067;14.3
C67;P#4167;2.38
C67;P#4267;2.38
C67;P#4367;47.68
C67;P#4467;2.38
C67;P#4567;2.38
C67;P#4667;4.77
C67;P#4767;114.42
C67;P#4867;2.38
C67;P#4967;7.15
C67;P#5067;2.38
C67;P#5167;16.69
C67;P#5267;7.15
C67;P#5367;7.15
C67;P#5467;7.15
C67;P#5567;4.77
C67;P#5667;2.38
C67;P#5767;7.15
C67;P#5867;2.38
C67;P#5967;4.77
C68;P#168;2.38
C68;P#268;2.38
C68;P#368;2.38
C68;P#468;9.54
C68;P#568;7.15
C68;P#668;2.38
C68;P#768;2.38
C68;P#868;9.54
C68;P#968;2.38
C68;P#1068;2.38
C68;P#1168;7.15
C68;P#1268;2.38
C68;P#1368;2.38
C68;P#1468;2.38
C68;P#1568;2.38
C68;P#1668;4.77
C68;P#1768;2.38
C68;P#1868;7.15
C68;P#1968;4.77
C68;P#2068;2.38
C68;P#2168;2.38
C68;P#2268;2.38
C68;P#2368;2.38
C68;P#2468;2.38
C69;P#169;4.77
C69;P#269;2.38
C69;P#369;4.77
C69;P#469;4.77
C69;P#569;11.92
C69;P#669;11.92
C69;P#769;2.38
C69;P#869;2.38
C69;P#969;2.38
C69;P#1069;2.38
C69;P#1169;28.61
C69;P#1269;2.38
C69;P#1369;383.79
C69;P#1469;64.36
C69;P#1569;14.3
C69;P#1669;4.77
C69;P#1769;4.77
C69;P#1869;7.15
C69;P#1969;11.92
C69;P#2069;2.38
C69;P#2169;2.38
C69;P#2269;7.15
C69;P#2369;2.38
C69;P#2469;2.38
C69;P#2569;42.91
C69;P#2669;2.38
C69;P#2769;2.38
C69;P#2869;2.38
C69;P#2969;4.77
C69;P#3069;4.77
C69;P#3169;2.38
C69;P#3269;4.77
C69;P#3369;2.38
C69;P#3469;4.77
C69;P#3569;2.38
C69;P#3669;85.82
C69;P#3769;2.38
C69;P#3869;2.38
C69;P#3969;2.38
C69;P#4069;2.38
C69;P#4169;2.38
C69;P#4269;7.15
C69;P#4369;2.38
C69;P#4469;2.38
C70;P#170;4.77
C70;P#270;233.61
C70;P#370;28.61
C70;P#470;2.38
C70;P#570;2.38
C70;P#670;2.38
C70;P#770;2.38
C70;P#870;9.54
C70;P#970;2.38
C70;P#1070;4.77
C70;P#1170;7.15
C70;P#1270;4.77
C70;P#1370;2.38
C70;P#1470;2.38
C70;P#1570;2.38
C70;P#1670;2.38
C70;P#1770;30.99
C70;P#1870;4.77
C70;P#1970;4.77
C70;P#2070;26.22
C70;P#2170;2.38
C70;P#2270;4.77
C71;P#171;2.38
C71;P#271;16.69
C71;P#371;19.07
C71;P#471;14.3
C71;P#571;2.38
C71;P#671;2.38
C71;P#771;2.38
C71;P#871;2.38
C71;P#971;2.38
C71;P#1071;2.38
C71;P#1171;2.38
C71;P#1271;4.77
C71;P#1371;4.77
C71;P#1471;2.38
C71;P#1571;2.38
C71;P#1671;57.21
C71;P#1771;2.38
C72;P#172;2.38
C72;P#272;7.15
C72;P#372;4.77
C72;P#472;4.77
C72;P#572;2.38
C72;P#672;2.38
C72;P#772;7.15
C72;P#872;9.54
C72;P#972;7.15
C72;P#1072;2.38
C72;P#1172;2.38
C72;P#1272;4.77
C72;P#1372;2.38
C72;P#1472;4.77
C72;P#1572;7.15
C72;P#1672;11.92
C72;P#1772;7.15
C72;P#1872;16.69
C72;P#1972;145.41
C72;P#2072;9.54
C72;P#2172;2.38
C72;P#2272;7.15
C72;P#2372;2.38
C72;P#2472;4.77
C72;P#2572;26.22
C72;P#2672;4.77
C72;P#2772;14.3
C72;P#2872;2.38
C72;P#2972;4.77
C72;P#3072;50.06
C72;P#3172;2.38
C72;P#3272;2.38
C72;P#3372;7.15
C72;P#3472;2.38
C72;P#3572;7.15
C72;P#3672;30.99
C72;P#3772;2.38
C72;P#3872;2.38
C72;P#3972;4.77
C72;P#4072;2.38
C72;P#4172;7.15
C72;P#4272;2.38
C72;P#4372;4.77
C73;P#173;2.38
C73;P#273;4.77
C73;P#373;4.77
C73;P#473;9.54
C73;P#573;2.38
C73;P#673;2.38
C73;P#773;19.07
C73;P#873;2.38
C73;P#973;11.92
C73;P#1073;19.07
C73;P#1173;4.77
C73;P#1273;9.54
C73;P#1373;2.38
C73;P#1473;45.29
C73;P#1573;2.38
C73;P#1673;7.15
C73;P#1773;4.77
C73;P#1873;11.92
C73;P#1973;30.99
C73;P#2073;88.2
C73;P#2173;30.99
C73;P#2273;4.77
C73;P#2373;11.92
C73;P#2473;2.38
C73;P#2573;2.38
C73;P#2673;19.07
C73;P#2773;2.38
C73;P#2873;21.45
C73;P#2973;2.38
C73;P#3073;26.22
C73;P#3173;2.38
C73;P#3273;245.53
C73;P#3373;7.15
C73;P#3473;2.38
C73;P#3573;14.3
C73;P#3673;2.38
C73;P#3773;2.38
C73;P#3873;2.38
C73;P#3973;64.36
C73;P#4073;4.77
C73;P#4173;4.77
C73;P#4273;2.38
C73;P#4373;7.15
C73;P#4473;40.52
C73;P#4573;2.38
C73;P#4673;14.3
C73;P#4773;14.3
C73;P#4873;2.38
C73;P#4973;7.15
C73;P#5073;2.38
C73;P#5173;7.15
C73;P#5273;16.69
C73;P#5373;2.38
C73;P#5473;19.07
C73;P#5573;2.38
C73;P#5673;11.92
C73;P#5773;2.38
C73;P#5873;4.77
C73;P#5973;45.29
C73;P#6073;2.38
C73;P#6173;2.38
C73;P#6273;2.38
C73;P#6373;4.77
C73;P#6473;4.77
C73;P#6573;2.38
C73;P#6673;2.38
C73;P#6773;9.54
C73;P#6873;2.38
C73;P#6973;11.92
C73;P#7073;9.54
C73;P#7173;4.77
C74;P#174;9.54
C74;P#274;4.77
C74;P#374;2.38
C74;P#474;4.77
C74;P#574;114.42
C74;P#674;7.15
C74;P#774;2.38
C74;P#874;2.38
C74;P#974;2.38
C74;P#1074;2.38
C74;P#1174;4.77
C74;P#1274;7.15
C74;P#1374;21.45
C74;P#1474;2.38
C74;P#1574;4.77
C74;P#1674;2.38
C74;P#1774;11.92
C74;P#1874;4.77
C74;P#1974;4.77
C74;P#2074;2.38
C74;P#2174;2.38
C74;P#2274;14.3
C74;P#2374;11.92
C74;P#2474;4.77
C74;P#2574;2.38
C74;P#2674;2.38
C74;P#2774;4.77
C74;P#2874;2.38
C74;P#2974;4.77
C74;P#3074;2.38
C74;P#3174;2.38
C74;P#3274;2.38
C74;P#3374;2.38
C74;P#3474;19.07
C74;P#3574;4.77
C74;P#3674;2.38
C74;P#3774;2.38
C74;P#3874;9.54
C74;P#3974;4.77
C74;P#4074;4.77
C74;P#4174;2.38
C74;P#4274;4.77
C74;P#4374;2.38
C74;P#4474;26.22
C74;P#4574;2.38
C75;P#175;4.77
C75;P#275;14.3
C75;P#375;33.37
C75;P#475;2.38
C75;P#575;9.54
C75;P#675;11.92
C75;P#775;2.38
C75;P#875;2.38
C75;P#975;21.45
C75;P#1075;2.38
C75;P#1175;2.38
C75;P#1275;19.07
C75;P#1375;26.22
C75;P#1475;11.92
C75;P#1575;16.69
C75;P#1675;26.22
C75;P#1775;305.12
C75;P#1875;2.38
C75;P#1975;23.84
C75;P#2075;7.15
C75;P#2175;2.38
C75;P#2275;26.22
C75;P#2375;9.54
C75;P#2475;4.77
C75;P#2575;4.77
C75;P#2675;11.92
C75;P#2775;2.38
C75;P#2875;2.38
C75;P#2975;11.92
C75;P#3075;38.14
C75;P#3175;4.77
C75;P#3275;4.77
C75;P#3375;7.15
C75;P#3475;2.38
C75;P#3575;2.38
C75;P#3675;9.54
C75;P#3775;64.36
C75;P#3875;9.54
C75;P#3975;2.38
C75;P#4075;4.77
C75;P#4175;2.38
C75;P#4275;7.15
C75;P#4375;2.38
C75;P#4475;7.15
C75;P#4575;2.38
C75;P#4675;23.84
C75;P#4775;4.77
C75;P#4875;11.92
C75;P#4975;23.84
C75;P#5075;19.07
C75;P#5175;11.92
C75;P#5275;2.38
C75;P#5375;9.54
C75;P#5475;11.92
C75;P#5575;7.15
C75;P#5675;52.44
C75;P#5775;4.77
C75;P#5875;16.69
C75;P#5975;2.38
C75;P#6075;47.68
C75;P#6175;4.77
C75;P#6275;4.77
C75;P#6375;11.92
C75;P#6475;2.38
C75;P#6575;47.68
C75;P#6675;19.07
C75;P#6775;2.38
C75;P#6875;50.06
C76;P#176;4.77
C76;P#276;9.54
C76;P#376;2.38
C76;P#476;2.38
C76;P#576;23.84
C76;P#676;7.15
C76;P#776;2.38
C76;P#876;7.15
C76;P#976;30.99
C76;P#1076;2.38
C76;P#1176;2.38
C76;P#1276;50.06
C76;P#1376;7.15
C76;P#1476;16.69
C76;P#1576;11.92
C76;P#1676;9.54
C76;P#1776;4.77
C76;P#1876;2.38
C76;P#1976;4.77
C76;P#2076;4.77
C76;P#2176;2.38
C76;P#2276;2.38
C76;P#2376;4.77
C76;P#2476;2.38
C76;P#2576;2.38
C76;P#2676;11.92
C76;P#2776;7.15
C76;P#2876;14.3
C76;P#2976;2.38
C76;P#3076;2.38
C76;P#3176;2.38
C76;P#3276;2.38
C76;P#3376;9.54
C76;P#3476;4.77
C76;P#3576;7.15
C76;P#3676;26.22
C76;P#3776;4.77
C76;P#3876;2.38
C76;P#3976;4.77
C76;P#4076;4.77
C76;P#4176;9.54
C76;P#4276;11.92
C76;P#4376;16.69
C76;P#4476;2.38
C76;P#4576;2.38
C76;P#4676;7.15
C76;P#4776;9.54
C77;P#177;9.54
C77;P#277;7.15
C77;P#377;7.15
C77;P#477;21.45
C77;P#577;2.38
C77;P#677;83.43
C77;P#777;23.84
C77;P#877;2.38
C77;P#977;7.15
C77;P#1077;9.54
C77;P#1177;16.69
C77;P#1277;2.38
C77;P#1377;21.45
C77;P#1477;9.54
C77;P#1577;4.77
C77;P#1677;14.3
C77;P#1777;23.84
C77;P#1877;35.76
C77;P#1977;26.22
C77;P#2077;2.38
C77;P#2177;2.38
C77;P#2277;14.3
C77;P#2377;2.38
C77;P#2477;14.3
C77;P#2577;7.15
C77;P#2677;2.38
C77;P#2777;9.54
C77;P#2877;26.22
C77;P#2977;2.38
C77;P#3077;2.38
C77;P#3177;21.45
C77;P#3277;38.14
C77;P#3377;2.38
C77;P#3477;2.38
C77;P#3577;7.15
C77;P#3677;4.77
C77;P#3777;2.38
C77;P#3877;14.3
C77;P#3977;2.38
C77;P#4077;35.76
C77;P#4177;14.3
C77;P#4277;2.38
C77;P#4377;35.76
C77;P#4477;2.38
C77;P#4577;4.77
C77;P#4677;562.57
C77;P#4777;145.41
C77;P#4877;2.38
C77;P#4977;7.15
C77;P#5077;7.15
C77;P#5177;19.07
C77;P#5277;42.91
C77;P#5377;7.15
C77;P#5477;16.69
C77;P#5577;4.77
C77;P#5677;21.45
C77;P#5777;50.06
C77;P#5877;11.92
C77;P#5977;2.38
C77;P#6077;21.45
C77;P#6177;7.15
C77;P#6277;2.38
C77;P#6377;4.77
C77;P#6477;16.69
C77;P#6577;16.69
C77;P#6677;19.07
C77;P#6777;11.92
C77;P#6877;159.71
C78;P#178;4.77
C78;P#278;2.38
C78;P#378;2.38
C78;P#478;9.54
C78;P#578;2.38
C78;P#678;4.77
C78;P#778;4.77
C78;P#878;7.15
C78;P#978;7.15
C78;P#1078;2.38
C78;P#1178;7.15
C78;P#1278;33.37
C78;P#1378;2.38
C78;P#1478;2.38
C78;P#1578;4.77
C78;P#1678;2.38
C78;P#1778;19.07
C78;P#1878;4.77
C78;P#1978;16.69
C78;P#2078;4.77
C78;P#2178;4.77
C78;P#2278;2.38
C78;P#2378;2.38
C78;P#2478;16.69
C78;P#2578;2.38
C78;P#2678;4.77
C78;P#2778;14.3
C78;P#2878;2.38
C78;P#2978;2.38
C78;P#3078;4.77
C78;P#3178;2.38
C78;P#3278;21.45
C78;P#3378;11.92
C78;P#3478;2.38
C78;P#3578;4.77
C78;P#3678;4.77
C78;P#3778;7.15
C78;P#3878;2.38
C78;P#3978;2.38
C78;P#4078;102.5
C78;P#4178;4.77
C78;P#4278;2.38
C78;P#4378;38.14
C78;P#4478;21.45
C78;P#4578;9.54
C78;P#4678;2.38
C78;P#4778;2.38
C78;P#4878;9.54
C78;P#4978;2.38
C78;P#5078;2.38
C78;P#5178;19.07
C78;P#5278;40.52
C78;P#5378;2.38
C78;P#5478;2.38
C78;P#5578;7.15
C78;P#5678;4.77
C78;P#5778;11.92
C78;P#5878;9.54
C78;P#5978;2.38
C79;P#179;2.38
C79;P#279;2.38
C79;P#379;2.38
C79;P#479;14.3
C79;P#579;2.38
C79;P#679;2.38
C79;P#779;7.15
C79;P#879;2.38
C79;P#979;4.77
C79;P#1079;2.38
C79;P#1179;2.38
C79;P#1279;2.38
C79;P#1379;2.38
C79;P#1479;7.15
C79;P#1579;2.38
C79;P#1679;2.38
C80;P#180;2.38
C80;P#280;2.38
C80;P#380;2.38
C80;P#480;2.38
C80;P#580;2.38
C81;P#181;9.54
C81;P#281;2.38
C81;P#381;2.38
C81;P#481;19.07
C81;P#581;4.77
C81;P#681;4.77
C81;P#781;2.38
C81;P#881;4.77
C81;P#981;4.77
C81;P#1081;2.38
C81;P#1181;2.38
C81;P#1281;9.54
C81;P#1381;4.77
C82;P#182;2.38
C82;P#282;2.38
C82;P#382;2.38
C82;P#482;2.38
C82;P#582;2.38
C82;P#682;4.77
C82;P#782;16.69
C82;P#882;2.38
C82;P#982;4.77
C82;P#1082;2.38
C82;P#1182;2.38
C82;P#1282;4.77
C82;P#1382;2.38
C82;P#1482;2.38
C82;P#1582;2.38
C82;P#1682;28.61
C82;P#1782;14.3
C82;P#1882;2.38
C82;P#1982;14.3
C82;P#2082;2.38
C82;P#2182;4.77
C82;P#2282;9.54
C82;P#2382;2.38
C82;P#2482;2.38
C82;P#2582;4.77
C82;P#2682;19.07
C82;P#2782;2.38
C82;P#2882;2.38
C82;P#2982;4.77
C82;P#3082;2.38
C83;P#183;4.77
C83;P#283;2.38
C83;P#383;2.38
C83;P#483;7.15
C83;P#583;11.92
C83;P#683;14.3
C83;P#783;2.38
C83;P#883;2.38
C83;P#983;2.38
C83;P#1083;2.38
C83;P#1183;2.38
C83;P#1283;2.38
C83;P#1383;2.38
C84;P#184;2.38
C84;P#284;19.07
C84;P#384;519.67
C84;P#484;14.3
C84;P#584;2.38
C84;P#684;2.38
C84;P#784;9.54
C84;P#884;2.38
C84;P#984;2.38
C84;P#1084;4.77
C84;P#1184;2.38
C84;P#1284;2.38
C84;P#1384;4.77
C84;P#1484;9.54
C84;P#1584;2.38
C84;P#1684;2.38
C84;P#1784;2.38
C84;P#1884;4.77
C84;P#1984;35.76
C84;P#2084;9.54
C84;P#2184;4.77
C84;P#2284;109.65
C84;P#2384;2.38
C84;P#2484;4.77
C84;P#2584;4.77
C84;P#2684;7.15
C84;P#2784;4.77
C84;P#2884;19.07
C84;P#2984;2.38
C84;P#3084;2.38
C84;P#3184;9.54
C84;P#3284;2.38
C84;P#3384;7.15
C84;P#3484;2.38
C84;P#3584;2.38
C84;P#3684;9.54
C84;P#3784;14.3
C84;P#3884;2.38
C84;P#3984;14.3
C85;P#185;2.38
C85;P#285;2.38
C85;P#385;2.38
C85;P#485;2.38
C85;P#585;2.38
C85;P#685;14.3
C85;P#785;28.61
C85;P#885;2.38
C85;P#985;2.38
C85;P#1085;4.77
C85;P#1185;2.38
C85;P#1285;2.38
C85;P#1385;2.38
C85;P#1485;2.38
C85;P#1585;4.77
C85;P#1685;2.38
C85;P#1785;11.92
C85;P#1885;2.38
C85;P#1985;2.38
C85;P#2085;2.38
C85;P#2185;7.15
C85;P#2285;11.92
C85;P#2385;2.38
C85;P#2485;11.92
C85;P#2585;9.54
C85;P#2685;9.54
C85;P#2785;2.38
C85;P#2885;2.38
C85;P#2985;42.91
C85;P#3085;2.38
C85;P#3185;2.38
C85;P#3285;38.14
C85;P#3385;4.77
C85;P#3485;9.54
C85;P#3585;23.84
C85;P#3685;11.92
C85;P#3785;2.38
C85;P#3885;2.38
C85;P#3985;7.15
C85;P#4085;7.15
C85;P#4185;2.38
C85;P#4285;2.38
C85;P#4385;7.15
C85;P#4485;2.38
C85;P#4585;4.77
C85;P#4685;4.77
C85;P#4785;7.15
C85;P#4885;4.77
C85;P#4985;9.54
C85;P#5085;21.45
C85;P#5185;4.77
C85;P#5285;2.38
C85;P#5385;290.82
C85;P#5485;28.61
C85;P#5585;35.76
C85;P#5685;9.54
C85;P#5785;4.77
C85;P#5885;11.92
C86;P#186;2.38
C86;P#286;2.38
C86;P#386;2.38
C86;P#486;2.38
C86;P#586;16.69
C86;P#686;2.38
C86;P#786;2.38
C86;P#886;4.77
C86;P#986;2.38
C86;P#1086;7.15
C86;P#1186;7.15
C86;P#1286;2.38
C86;P#1386;2.38
C86;P#1486;2.38
C86;P#1586;2.38
C86;P#1686;2.38
C86;P#1786;2.38
C86;P#1886;2.38
C86;P#1986;2.38
C86;P#2086;9.54
C86;P#2186;19.07
C86;P#2286;11.92
C86;P#2386;16.69
C86;P#2486;2.38
C86;P#2586;2.38
C86;P#2686;2.38
C86;P#2786;4.77
C86;P#2886;2.38
C87;P#187;42.91
C87;P#287;4.77
C87;P#387;7.15
C87;P#487;61.98
C87;P#587;2.38
C87;P#687;2.38
C87;P#787;2.38
C87;P#887;2.38
C87;P#987;2.38
C87;P#1087;4.77
C87;P#1187;2.38
C87;P#1287;119.19
C87;P#1387;4.77
C87;P#1487;4.77
C87;P#1587;2.38
C87;P#1687;4.77
C87;P#1787;2.38
C87;P#1887;2.38
C87;P#1987;152.56
C87;P#2087;16.69
C87;P#2187;4.77
C87;P#2287;11.92
C87;P#2387;11.92
C87;P#2487;2.38
C87;P#2587;2.38
C87;P#2687;7.15
C87;P#2787;4.77
C88;P#188;2.38
C88;P#288;2.38
C88;P#388;2.38
C88;P#488;2.38
C88;P#588;4.77
C88;P#688;2.38
C88;P#788;2.38
C89;P#189;2.38
C89;P#289;4.77
C89;P#389;2.38
C89;P#489;7.15
C89;P#589;2.38
C89;P#689;2.38
C89;P#789;2.38
C89;P#889;2.38
C89;P#989;2.38
C89;P#1089;26.22
C89;P#1189;7.15
C89;P#1289;2.38
C89;P#1389;2.38
C90;P#190;19.07
C90;P#290;2.38
C90;P#390;2.38
C90;P#490;2.38
C90;P#590;7.15
C90;P#690;4.77
C90;P#790;57.21
C90;P#890;33.37
C90;P#990;4.77
C90;P#1090;61.98
C90;P#1190;4.77
C90;P#1290;4.77
C90;P#1390;4.77
C90;P#1490;2.38
C90;P#1590;2.38
C90;P#1690;2.38
C90;P#1790;2.38
C90;P#1890;2.38
C90;P#1990;4.77
C90;P#2090;2.38
C90;P#2190;33.37
C90;P#2290;4.77
C90;P#2390;83.43
C90;P#2490;7.15
C90;P#2590;2.38
C90;P#2690;2.38
C90;P#2790;2.38
C90;P#2890;2.38
C90;P#2990;2.38
C90;P#3090;4.77
C90;P#3190;2.38
C90;P#3290;2.38
C90;P#3390;4.77
C90;P#3490;2.38
C90;P#3590;2.38
C90;P#3690;2.38
C90;P#3790;4.77
C90;P#3890;2.38
C90;P#3990;4.77
C91;P#191;2.38
C91;P#291;7.15
C91;P#391;4.77
C91;P#491;4.77
C91;P#591;2.38
C91;P#691;2.38
C91;P#791;7.15
C91;P#891;2.38
C91;P#991;2.38
C91;P#1091;2.38
C91;P#1191;2.38
C91;P#1291;14.3
C91;P#1391;4.77
C91;P#1491;2.38
C91;P#1591;2.38
C91;P#1691;2.38
C91;P#1791;2.38
C91;P#1891;2.38
C91;P#1991;2.38
C91;P#2091;14.3
C91;P#2191;2.38
C91;P#2291;2.38
C91;P#2391;2.38
C91;P#2491;2.38
C92;P#192;2.38
C92;P#292;4.77
C92;P#392;2.38
C92;P#492;2.38
C92;P#592;2.38
C92;P#692;2.38
C92;P#792;2.38
C92;P#892;2.38
C93;P#193;2.38
C93;P#293;2.38
C93;P#393;2.38
C93;P#493;4.77
C93;P#593;2.38
C94;P#194;7.15
C94;P#294;2.38
C94;P#394;2.38
C94;P#494;2.38
C94;P#594;2.38
C94;P#694;4.77
C94;P#794;2.38
C94;P#894;2.38
C95;P#195;2.38
C95;P#295;2.38
C95;P#395;9.54
C95;P#495;2.38
C95;P#595;2.38
C95;P#695;2.38
C95;P#795;2.38
C95;P#895;2.38
C95;P#995;2.38
C95;P#1095;2.38
C97;P#197;2.38
C97;P#297;2.38
C97;P#397;2.38
C97;P#497;2.38
C98;P#198;2.38
C99;P#199;2.38
C99;P#299;2.38
C99;P#399;2.38
C100;P#1100;2.38
C100;P#2100;4.77
C100;P#3100;2.38
C100;P#4100;2.38
C100;P#5100;2.38
C100;P#6100;2.38
C101;P#1101;2.38
C101;P#2101;2.38
C101;P#3101;2.38
C101;P#4101;4.77
C101;P#5101;2.38
C101;P#6101;2.38
C101;P#7101;7.15
C101;P#8101;4.77
C101;P#9101;2.38
C101;P#10101;2.38
C101;P#11101;2.38
C101;P#12101;2.38
C101;P#13101;4.77
C101;P#14101;4.77
C101;P#15101;2.38
C101;P#16101;21.45
C101;P#17101;4.77
C101;P#18101;2.38
C101;P#19101;2.38
C101;P#20101;7.15
C101;P#21101;7.15
C101;P#22101;2.38
C101;P#23101;2.38
C101;P#24101;2.38
C101;P#25101;2.38
C101;P#26101;2.38
C101;P#27101;2.38
C101;P#28101;2.38
C102;P#1102;2.38
C102;P#2102;4.77
C102;P#3102;4.77
C102;P#4102;4.77
C102;P#5102;2.38
C102;P#6102;2.38
C102;P#7102;2.38
C102;P#8102;2.38
C102;P#9102;2.38
C102;P#10102;2.38
C102;P#11102;2.38
C102;P#12102;2.38
C103;P#1103;2.38
C103;P#2103;2.38
C103;P#3103;7.15
C103;P#4103;2.38
C104;P#1104;2.38
C104;P#2104;2.38
C104;P#3104;2.38
C104;P#4104;4.77
C104;P#5104;4.77
C104;P#6104;2.38
C104;P#7104;2.38
C104;P#8104;2.38
C104;P#9104;7.15
C104;P#10104;4.77
C104;P#11104;2.38
C104;P#12104;2.38
C104;P#13104;4.77
C104;P#14104;2.38
C104;P#15104;4.77
C104;P#16104;50.06
C104;P#17104;9.54
C104;P#18104;2.38
C104;P#19104;4.77
C104;P#20104;2.38
C104;P#21104;9.54
C104;P#22104;2.38
C104;P#23104;2.38
C104;P#24104;4.77
C104;P#25104;2.38
C104;P#26104;2.38
C104;P#27104;2.38
C104;P#28104;2.38
C104;P#29104;7.15
C104;P#30104;2.38
C104;P#31104;7.15
C104;P#32104;42.91
C104;P#33104;2.38
C104;P#34104;21.45
C104;P#35104;2.38
C104;P#36104;2.38
C104;P#37104;2.38
C104;P#38104;7.15
C104;P#39104;2.38
C104;P#40104;9.54
C104;P#41104;2.38
C104;P#42104;2.38
C104;P#43104;2.38
C104;P#44104;4.77
C104;P#45104;2.38
C104;P#46104;14.3
C104;P#47104;2.38
C104;P#48104;9.54
C104;P#49104;2.38
C105;P#1105;2.38
C105;P#2105;2.38
C105;P#3105;2.38
C105;P#4105;2.38
C105;P#5105;4.77
C105;P#6105;4.77
C105;P#7105;2.38
C105;P#8105;2.38
C105;P#9105;2.38
C105;P#10105;45.29
C105;P#11105;4.77
C105;P#12105;2.38
C105;P#13105;7.15
C105;P#14105;2.38
C105;P#15105;2.38
C105;P#16105;2.38
C105;P#17105;2.38
C105;P#18105;4.77
C105;P#19105;2.38
C105;P#20105;4.77
C106;P#1106;2.38
C106;P#2106;2.38
C106;P#3106;2.38
C106;P#4106;2.38
C106;P#5106;42.91
C106;P#6106;4.77
C106;P#7106;33.37
C106;P#8106;4.77
C106;P#9106;4.77
C106;P#10106;2.38
C106;P#11106;4.77
C106;P#12106;2.38
C106;P#13106;16.69
C106;P#14106;2.38
C106;P#15106;2.38
C106;P#16106;2.38
C106;P#17106;2.38
C106;P#18106;2.38
C106;P#19106;2.38
C106;P#20106;2.38
C106;P#21106;2.38
C106;P#22106;2.38
C106;P#23106;2.38
C106;P#24106;2.38
C106;P#25106;2.38
C106;P#26106;2.38
C106;P#27106;2.38
C106;P#28106;2.38
C107;P#1107;2.38
C107;P#2107;4.77
C107;P#3107;7.15
C107;P#4107;2.38
C107;P#5107;2.38
C107;P#6107;4.77
C107;P#7107;2.38
C107;P#8107;2.38
C109;P#1109;2.38
C109;P#2109;2.38
C109;P#3109;9.54
C109;P#4109;2.38
C109;P#5109;2.38
C109;P#6109;4.77
C109;P#7109;2.38
C109;P#8109;4.77
C110;P#1110;7.15
C110;P#2110;7.15
C110;P#3110;2.38
C110;P#4110;2.38
C110;P#5110;4.77
C111;P#1111;7.15
C111;P#2111;2.38
C114;P#1114;4.77
C114;P#2114;2.38
C114;P#3114;2.38
C114;P#4114;2.38
C114;P#5114;2.38
C114;P#6114;2.38
C114;P#7114;14.3
C116;P#1116;7.15
C116;P#2116;4.77
C116;P#3116;7.15
C116;P#4116;7.15
C116;P#5116;4.77
C116;P#6116;2.38
C116;P#7116;2.38
C116;P#8116;2.38
C116;P#9116;16.69
C116;P#10116;4.77
C116;P#11116;4.77
C116;P#12116;2.38
C116;P#13116;2.38
C116;P#14116;28.61
C116;P#15116;4.77
C116;P#16116;2.38
C116;P#17116;7.15
C116;P#18116;2.38
C116;P#19116;4.77
C116;P#20116;16.69
C116;P#21116;2.38
C116;P#22116;4.77
C116;P#23116;4.77
C116;P#24116;4.77
C116;P#25116;2.38
C116;P#26116;2.38
C116;P#27116;2.38
C116;P#28116;4.77
C116;P#29116;2.38
C116;P#30116;4.77
C116;P#31116;2.38
C116;P#32116;2.38
C116;P#33116;9.54
C116;P#34116;2.38
C116;P#35116;2.38
C116;P#36116;2.38
C116;P#37116;4.77
C117;P#1117;2.38
C117;P#2117;4.77
C117;P#3117;2.38
C117;P#4117;2.38
C117;P#5117;2.38
C117;P#6117;2.38
C117;P#7117;4.77
C117;P#8117;16.69
C117;P#9117;2.38
C117;P#10117;11.92
C117;P#11117;4.77
C117;P#12117;7.15
C117;P#13117;7.15
C118;P#1118;2.38
C119;P#1119;2.38
C119;P#2119;2.38
C119;P#3119;4.77
C119;P#4119;2.38
C120;P#1120;2.38
C121;P#1121;2.38
C121;P#2121;4.77
C121;P#3121;4.77
C121;P#4121;4.77
C121;P#5121;2.38
C121;P#6121;9.54
C121;P#7121;2.38
C121;P#8121;2.38
C121;P#9121;9.54
C121;P#10121;2.38
C121;P#11121;2.38
C121;P#12121;7.15
C121;P#13121;7.15
C121;P#14121;11.92
C121;P#15121;19.07
C121;P#16121;2.38
C121;P#17121;2.38
C121;P#18121;2.38
C121;P#19121;2.38
C121;P#20121;2.38
C121;P#21121;2.38
C121;P#22121;2.38
C121;P#23121;2.38
C121;P#24121;2.38
C121;P#25121;4.77
C122;P#1122;2.38
C123;P#1123;2.38
C123;P#2123;2.38
C123;P#3123;2.38
C123;P#4123;14.3
C123;P#5123;9.54
C123;P#6123;4.77
C123;P#7123;38.14
C123;P#8123;7.15
C123;P#9123;2.38
C123;P#10123;16.69
C123;P#11123;7.15
C123;P#12123;2.38
C123;P#13123;2.38
C123;P#14123;4.77
C123;P#15123;7.15
C123;P#16123;7.15
C123;P#17123;2.38
C123;P#18123;4.77
C123;P#19123;2.38
C123;P#20123;14.3
C123;P#21123;2.38
C123;P#22123;2.38
C123;P#23123;9.54
C123;P#24123;4.77
C123;P#25123;2.38
C123;P#26123;2.38
C123;P#27123;2.38
C124;P#1124;2.38
C124;P#2124;23.84
C124;P#3124;4.77
C124;P#4124;2.38
C124;P#5124;2.38
C124;P#6124;2.38
C124;P#7124;2.38
C124;P#8124;9.54
C124;P#9124;2.38
C124;P#10124;16.69
C124;P#11124;11.92
C124;P#12124;4.77
C124;P#13124;2.38
C124;P#14124;21.45
C124;P#15124;2.38
C124;P#16124;7.15
C124;P#17124;9.54
C124;P#18124;4.77
C124;P#19124;2.38
C124;P#20124;11.92
C124;P#21124;9.54
C124;P#22124;4.77
C124;P#23124;2.38
C124;P#24124;14.3
C124;P#25124;2.38
C124;P#26124;11.92
C124;P#27124;2.38
C125;P#1125;2.38
C125;P#2125;16.69
C125;P#3125;2.38
C125;P#4125;7.15
C125;P#5125;4.77
C125;P#6125;4.77
C125;P#7125;2.38
C125;P#8125;16.69
C125;P#9125;2.38
C125;P#10125;2.38
C125;P#11125;2.38
C125;P#12125;2.38
C125;P#13125;2.38
C125;P#14125;2.38
C125;P#15125;9.54
C125;P#16125;2.38
C125;P#17125;2.38
C125;P#18125;4.77
C125;P#19125;4.77
C125;P#20125;4.77
C125;P#21125;7.15
C125;P#22125;19.07
C125;P#23125;2.38
C126;P#1126;2.38
C126;P#2126;2.38
C126;P#3126;2.38
C126;P#4126;4.77
C126;P#5126;2.38
C126;P#6126;2.38
C126;P#7126;2.38
C126;P#8126;2.38
C126;P#9126;2.38
C126;P#10126;2.38
C127;P#1127;2.38
C127;P#2127;4.77
C129;P#1129;2.38
C129;P#2129;4.77
C129;P#3129;2.38
C129;P#4129;2.38
C129;P#5129;4.77
C130;P#1130;2.38
C130;P#2130;2.38
C131;P#1131;2.38
C131;P#2131;2.38
C132;P#1132;2.38
C133;P#1133;2.38
C133;P#2133;4.77
C133;P#3133;2.38
C134;P#1134;2.38
C134;P#2134;2.38
C134;P#3134;2.38
C134;P#4134;2.38
C134;P#5134;2.38
C134;P#6134;2.38
C134;P#7134;2.38
C134;P#8134;2.38
C135;P#1135;2.38
C135;P#2135;2.38
C135;P#3135;2.38
C135;P#4135;2.38
C135;P#5135;2.38
C135;P#6135;2.38
C135;P#7135;2.38
C136;P#1136;2.38
C136;P#2136;2.38
C136;P#3136;2.38
C136;P#4136;2.38
C137;P#1137;2.38
C137;P#2137;2.38
C137;P#3137;2.38
C137;P#4137;2.38
C137;P#5137;2.38
C137;P#6137;2.38
C137;P#7137;2.38
C138;P#1138;2.38
C138;P#2138;2.38
C138;P#3138;2.38
C140;P#1140;2.38
C141;P#1141;2.38
C141;P#2141;2.38
C141;P#3141;2.38
C141;P#4141;4.77
C142;P#1142;2.38
C142;P#2142;2.38
C142;P#3142;2.38
C143;P#1143;2.38
C143;P#2143;2.38
C143;P#3143;2.38
C143;P#4143;2.38
C143;P#5143;2.38
C143;P#6143;2.38
C143;P#7143;7.15
C143;P#8143;4.77
C144;P#1144;2.38
C144;P#2144;2.38
C144;P#3144;2.38
C144;P#4144;4.77
C144;P#5144;7.15
C144;P#6144;2.38
C145;P#1145;16.69
C145;P#2145;2.38
C145;P#3145;21.45
C145;P#4145;2.38
C145;P#5145;7.15
C145;P#6145;2.38
C145;P#7145;7.15
C145;P#8145;2.38
C145;P#9145;2.38
C145;P#10145;2.38
C145;P#11145;2.38
C145;P#12145;4.77
C145;P#13145;7.15
C145;P#14145;2.38
C145;P#15145;4.77
C145;P#16145;2.38
C145;P#17145;2.38
C145;P#18145;2.38
C145;P#19145;2.38
C145;P#20145;4.77
C145;P#21145;2.38
C145;P#22145;2.38
C145;P#23145;2.38
C145;P#24145;11.92
C145;P#25145;4.77
C145;P#26145;9.54
C145;P#27145;4.77
C145;P#28145;2.38
C145;P#29145;9.54
C145;P#30145;4.77
C146;P#1146;2.38
C146;P#2146;7.15
C146;P#3146;2.38
C146;P#4146;2.38
C146;P#5146;2.38
C146;P#6146;7.15
C146;P#7146;2.38
C146;P#8146;2.38
C147;P#1147;2.38
C148;P#1148;2.38
C148;P#2148;4.77
C148;P#3148;4.77
C148;P#4148;2.38
C148;P#5148;4.77
C148;P#6148;4.77
C148;P#7148;7.15
C148;P#8148;4.77
C148;P#9148;30.99
C148;P#10148;2.38
C148;P#11148;2.38
C148;P#12148;2.38
C148;P#13148;4.77
C148;P#14148;23.84
C148;P#15148;45.29
C148;P#16148;11.92
C148;P#17148;2.38
C148;P#18148;4.77
C148;P#19148;2.38
C148;P#20148;2.38
C148;P#21148;61.98
C148;P#22148;7.15
C148;P#23148;2.38
C148;P#24148;11.92
C148;P#25148;2.38
C148;P#26148;9.54
C148;P#27148;4.77
C148;P#28148;7.15
C148;P#29148;9.54
C148;P#30148;7.15
C148;P#31148;2.38
C148;P#32148;4.77
C148;P#33148;2.38
C148;P#34148;2.38
C149;P#1149;2.38
C149;P#2149;2.38
C149;P#3149;2.38
C149;P#4149;7.15
C149;P#5149;2.38
C149;P#6149;2.38
C149;P#7149;2.38
C150;P#1150;2.38
C150;P#2150;2.38
C150;P#3150;2.38
C150;P#4150;2.38
C150;P#5150;2.38
C150;P#6150;2.38
C150;P#7150;4.77
C150;P#8150;7.15
C150;P#9150;4.77
C150;P#10150;2.38
C150;P#11150;2.38
C150;P#12150;2.38
C151;P#1151;4.77
C151;P#2151;2.38
C151;P#3151;2.38
C151;P#4151;2.38
C151;P#5151;2.38
C151;P#6151;4.77
C152;P#1152;2.38
C152;P#2152;2.38
C152;P#3152;2.38
C152;P#4152;2.38
C154;P#1154;4.77
C154;P#2154;4.77
C154;P#3154;2.38
C154;P#4154;2.38
C154;P#5154;2.38
C155;P#1155;4.77
C155;P#2155;2.38
C155;P#3155;2.38
C155;P#4155;4.77
C155;P#5155;2.38
C155;P#6155;2.38
C155;P#7155;2.38
C155;P#8155;2.38
C155;P#9155;9.54
C155;P#10155;2.38
C155;P#11155;2.38
C155;P#12155;2.38
C155;P#13155;2.38
C155;P#14155;2.38
C156;P#1156;2.38
C156;P#2156;2.38
C156;P#3156;2.38
C156;P#4156;2.38
C156;P#5156;2.38
C156;P#6156;2.38
C156;P#7156;2.38
C156;P#8156;4.77
C156;P#9156;2.38
C156;P#10156;4.77
C156;P#11156;2.38
C156;P#12156;4.77
C156;P#13156;2.38
C156;P#14156;2.38
C156;P#15156;2.38
C156;P#16156;2.38
C156;P#17156;2.38
C156;P#18156;4.77
C157;P#1157;4.77
C157;P#2157;2.38
C157;P#3157;4.77
C157;P#4157;4.77
C157;P#5157;2.38
C157;P#6157;2.38
C157;P#7157;2.38
C157;P#8157;2.38
C157;P#9157;14.3
C157;P#10157;2.38
C157;P#11157;2.38
C157;P#12157;7.15
C157;P#13157;2.38
C157;P#14157;4.77
C157;P#15157;2.38
C157;P#16157;7.15
C157;P#17157;4.77
C157;P#18157;2.38
C157;P#19157;2.38
C157;P#20157;2.38
C157;P#21157;9.54
C157;P#22157;4.77
C157;P#23157;2.38
C157;P#24157;4.77
C157;P#25157;2.38
C157;P#26157;7.15
C157;P#27157;2.38
C157;P#28157;2.38
C157;P#29157;9.54
C157;P#30157;2.38
C157;P#31157;4.77
C157;P#32157;7.15
C158;P#1158;2.38
C158;P#2158;2.38
C159;P#1159;2.38
C159;P#2159;2.38
C161;P#1161;2.38
C161;P#2161;2.38
C161;P#3161;2.38
C161;P#4161;2.38
C161;P#5161;2.38
C161;P#6161;2.38
C161;P#7161;2.38
C161;P#8161;2.38
C161;P#9161;2.38
C162;P#1162;2.38
C162;P#2162;2.38
C162;P#3162;4.77
C162;P#4162;4.77
C162;P#5162;4.77
C162;P#6162;2.38
C162;P#7162;4.77
C162;P#8162;2.38
C162;P#9162;2.38
C162;P#10162;2.38
C163;P#1163;16.69
C163;P#2163;2.38
C163;P#3163;2.38
C163;P#4163;2.38
C163;P#5163;19.07
C163;P#6163;4.77
C163;P#7163;2.38
C163;P#8163;2.38
C163;P#9163;2.38
C164;P#1164;2.38
C164;P#2164;14.3
C164;P#3164;2.38
C164;P#4164;2.38
C164;P#5164;2.38
C164;P#6164;2.38
C164;P#7164;2.38
C165;P#1165;9.54
C165;P#2165;2.38
C165;P#3165;4.77
C165;P#4165;2.38
C165;P#5165;2.38
C165;P#6165;7.15
C165;P#7165;7.15
C165;P#8165;35.76
C165;P#9165;2.38
C165;P#10165;7.15
C165;P#11165;2.38
C165;P#12165;2.38
C165;P#13165;11.92
C165;P#14165;2.38
C165;P#15165;4.77
C165;P#16165;2.38
C165;P#17165;2.38
C165;P#18165;2.38
C165;P#19165;2.38
C165;P#20165;2.38
C165;P#21165;4.77
C165;P#22165;4.77
C165;P#23165;2.38
C165;P#24165;2.38
C165;P#25165;2.38
C165;P#26165;2.38
C165;P#27165;71.51
C165;P#28165;4.77
C165;P#29165;2.38
C166;P#1166;2.38
C166;P#2166;2.38
C166;P#3166;2.38
C166;P#4166;4.77
C166;P#5166;2.38
C166;P#6166;4.77
C166;P#7166;2.38
C167;P#1167;2.38
C167;P#2167;4.77
C167;P#3167;2.38
C167;P#4167;2.38
C167;P#5167;2.38
C167;P#6167;2.38
C167;P#7167;23.84
C167;P#8167;2.38
C167;P#9167;4.77
C168;P#1168;2.38
C168;P#2168;2.38
C168;P#3168;23.84
C168;P#4168;7.15
C168;P#5168;4.77
C169;P#1169;2.38
C170;P#1170;2.38
C170;P#2170;14.3
C170;P#3170;14.3
C170;P#4170;83.43
C170;P#5170;2.38
C170;P#6170;19.07
C170;P#7170;2.38
C170;P#8170;2.38
C170;P#9170;2.38
C170;P#10170;2.38
C170;P#11170;2.38
C170;P#12170;2.38
C170;P#13170;7.15
C170;P#14170;2.38
C170;P#15170;2.38
C170;P#16170;2.38
C170;P#17170;4.77
C170;P#18170;2.38
C170;P#19170;2.38
C170;P#20170;9.54
C170;P#21170;4.77
C170;P#22170;71.51
C170;P#23170;23.84
C170;P#24170;4.77
C170;P#25170;9.54
C170;P#26170;2.38
C170;P#27170;2.38
C170;P#28170;2.38
C170;P#29170;2.38
C170;P#30170;64.36
C170;P#31170;4.77
C171;P#1171;4.77
C171;P#2171;2.38
C171;P#3171;7.15
C171;P#4171;2.38
C171;P#5171;2.38
C171;P#6171;4.77
C171;P#7171;2.38
C171;P#8171;2.38
C171;P#9171;2.38
C171;P#10171;4.77
C172;P#1172;2.38
C172;P#2172;2.38
C172;P#3172;2.38
C172;P#4172;7.15
C172;P#5172;4.77
C172;P#6172;4.77
C172;P#7172;2.38
C173;P#1173;2.38
C173;P#2173;4.77
C173;P#3173;4.77
C173;P#4173;2.38
C173;P#5173;19.07
C173;P#6173;2.38
C173;P#7173;4.77
C173;P#8173;2.38
C173;P#9173;2.38
C174;P#1174;2.38
C174;P#2174;2.38
C174;P#3174;2.38
C174;P#4174;2.38
C174;P#5174;2.38
C174;P#6174;14.3
C174;P#7174;2.38
C174;P#8174;42.91
C174;P#9174;4.77
C174;P#10174;9.54
C174;P#11174;4.77
C174;P#12174;7.15
C175;P#1175;2.38
C175;P#2175;2.38
C175;P#3175;9.54
C175;P#4175;2.38
C175;P#5175;2.38
C175;P#6175;4.77
C175;P#7175;2.38
C175;P#8175;2.38
C175;P#9175;7.15
C175;P#10175;4.77
C175;P#11175;2.38
C175;P#12175;2.38
C175;P#13175;2.38
C175;P#14175;2.38
C175;P#15175;2.38
C175;P#16175;7.15
C175;P#17175;2.38
C175;P#18175;2.38
C176;P#1176;2.38
C176;P#2176;4.77
C176;P#3176;2.38
C176;P#4176;2.38
C176;P#5176;4.77
C176;P#6176;26.22
C176;P#7176;35.76
C176;P#8176;2.38
C176;P#9176;4.77
C176;P#10176;2.38
C176;P#11176;2.38
C176;P#12176;2.38
C176;P#13176;4.77
C176;P#14176;2.38
C176;P#15176;2.38
C177;P#1177;19.07
C177;P#2177;4.77
C177;P#3177;2.38
C177;P#4177;2.38
C177;P#5177;2.38
C177;P#6177;2.38
C177;P#7177;4.77
C177;P#8177;2.38
C177;P#9177;4.77
C177;P#10177;2.38
C177;P#11177;2.38
C177;P#12177;2.38
C177;P#13177;4.77
C177;P#14177;4.77
C177;P#15177;2.38
C178;P#1178;2.38
C178;P#2178;4.77
C178;P#3178;2.38
C178;P#4178;2.38
C178;P#5178;2.38
C178;P#6178;2.38
C178;P#7178;2.38
C178;P#8178;21.45
C178;P#9178;2.38
C178;P#10178;2.38
C178;P#11178;2.38
C178;P#12178;2.38
C178;P#13178;2.38
C178;P#14178;2.38
C178;P#15178;4.77
C178;P#16178;4.77
C178;P#17178;4.77
C179;P#1179;2.38
C179;P#2179;2.38
C179;P#3179;11.92
C179;P#4179;2.38
C179;P#5179;2.38
C179;P#6179;2.38
C179;P#7179;2.38
C179;P#8179;2.38
C179;P#9179;2.38
C179;P#10179;2.38
C179;P#11179;2.38
C180;P#1180;2.38
C180;P#2180;2.38
C180;P#3180;2.38
C180;P#4180;2.38
C180;P#5180;2.38
C180;P#6180;2.38
C180;P#7180;4.77
C180;P#8180;7.15
C180;P#9180;2.38
C180;P#10180;2.38
C181;P#1181;2.38
C181;P#2181;2.38
C181;P#3181;4.77
C182;P#1182;2.38
C182;P#2182;2.38
C182;P#3182;2.38
C182;P#4182;2.38
C182;P#5182;2.38
C182;P#6182;2.38
C182;P#7182;2.38
C182;P#8182;2.38
C182;P#9182;9.54
C182;P#10182;2.38
C182;P#11182;4.77
C182;P#12182;2.38
C182;P#13182;2.38
C183;P#1183;2.38
C183;P#2183;2.38
C183;P#3183;2.38
C183;P#4183;4.77
C183;P#5183;2.38
C183;P#6183;7.15
C183;P#7183;2.38
C183;P#8183;2.38
C183;P#9183;2.38
C183;P#10183;2.38
C183;P#11183;4.77
C183;P#12183;2.38
C183;P#13183;2.38
C183;P#14183;2.38
C183;P#15183;2.38
C183;P#16183;7.15
C183;P#17183;4.77
C183;P#18183;2.38
C183;P#19183;2.38
C183;P#20183;2.38
C183;P#21183;2.38
C183;P#22183;4.77
C183;P#23183;4.77
C183;P#24183;2.38
C184;P#1184;14.3
C184;P#2184;2.38
C184;P#3184;2.38
C184;P#4184;2.38
C185;P#1185;4.77
C185;P#2185;2.38
C186;P#1186;2.38
C186;P#2186;4.77
C186;P#3186;2.38
C186;P#4186;2.38
C187;P#1187;2.38
C187;P#2187;2.38
C189;P#1189;2.38
C189;P#2189;2.38
C189;P#3189;2.38
C189;P#4189;2.38
C189;P#5189;4.77
C189;P#6189;4.77
C191;P#1191;2.38
C191;P#2191;2.38
C192;P#1192;4.77
C193;P#1193;2.38
C195;P#1195;2.38
C195;P#2195;4.77
C195;P#3195;2.38
C195;P#4195;2.38
C195;P#5195;4.77
C195;P#6195;2.38
C195;P#7195;4.77
C195;P#8195;4.77
C195;P#9195;2.38
C195;P#10195;2.38
C195;P#11195;2.38
C195;P#12195;4.77
C196;P#1196;2.38
C196;P#2196;2.38
C196;P#3196;2.38
C196;P#4196;2.38
C196;P#5196;2.38
C196;P#6196;4.77
C196;P#7196;2.38
C197;P#1197;2.38
C197;P#2197;2.38
C197;P#3197;2.38
C197;P#4197;2.38
C198;P#1198;2.38
C198;P#2198;2.38
C198;P#3198;2.38
C198;P#4198;2.38
C198;P#5198;2.38
C198;P#6198;2.38
C198;P#7198;4.77
C198;P#8198;21.45
C198;P#9198;4.77
C198;P#10198;2.38
C199;P#1199;2.38
C199;P#2199;2.38
C199;P#3199;2.38
C199;P#4199;2.38
C199;P#5199;2.38
C199;P#6199;2.38
C200;P#1200;2.38
C201;P#1201;2.38
C202;P#1202;2.38
C202;P#2202;2.38
C202;P#3202;2.38
C202;P#4202;2.38
C202;P#5202;2.38
C202;P#6202;4.77
C202;P#7202;2.38
C202;P#8202;4.77
C202;P#9202;2.38
C202;P#10202;2.38
C203;P#1203;2.38
C203;P#2203;2.38
C203;P#3203;2.38
C204;P#1204;2.38
C204;P#2204;2.38
C204;P#3204;2.38
C204;P#4204;2.38
C204;P#5204;2.38
C204;P#6204;4.77
C204;P#7204;2.38
C204;P#8204;4.77
C204;P#9204;2.38
C204;P#10204;2.38
C204;P#11204;2.38
C205;P#1205;2.38
C205;P#2205;4.77
C205;P#3205;16.69
C205;P#4205;4.77
C205;P#5205;2.38
C205;P#6205;2.38
C205;P#7205;7.15
C205;P#8205;2.38
C205;P#9205;2.38
C205;P#10205;4.77
C205;P#11205;2.38
C205;P#12205;4.77
C205;P#13205;2.38
C205;P#14205;2.38
C206;P#1206;2.38
C206;P#2206;2.38
C206;P#3206;2.38
C206;P#4206;2.38
C206;P#5206;2.38
C206;P#6206;7.15
C206;P#7206;2.38
C206;P#8206;7.15
C206;P#9206;2.38
C206;P#10206;2.38
C206;P#11206;2.38
C206;P#12206;7.15
C206;P#13206;2.38
C206;P#14206;2.38
C206;P#15206;2.38
C206;P#16206;2.38
C207;P#1207;2.38
C207;P#2207;2.38
C207;P#3207;2.38
C207;P#4207;2.38
C207;P#5207;2.38
C207;P#6207;2.38
C207;P#7207;2.38
C207;P#8207;2.38
C207;P#9207;2.38
C207;P#10207;9.54
C207;P#11207;7.15
C207;P#12207;7.15
C207;P#13207;23.84
C207;P#14207;2.38
C207;P#15207;2.38
C207;P#16207;9.54
C207;P#17207;2.38
C207;P#18207;2.38
C207;P#19207;2.38
C208;P#1208;2.38
C208;P#2208;2.38
C208;P#3208;2.38
C209;P#1209;2.38
C209;P#2209;4.77
C209;P#3209;2.38
C209;P#4209;4.77
C209;P#5209;2.38
C209;P#6209;11.92
C209;P#7209;2.38
C209;P#8209;2.38
C210;P#1210;2.38
C210;P#2210;2.38
C210;P#3210;2.38
C210;P#4210;4.77
C211;P#1211;2.38
C211;P#2211;2.38
C211;P#3211;2.38
C211;P#4211;2.38
C211;P#5211;2.38
C211;P#6211;2.38
C211;P#7211;2.38
C212;P#1212;2.38
C212;P#2212;2.38
C212;P#3212;2.38
C212;P#4212;4.77
C212;P#5212;2.38
C212;P#6212;2.38
C212;P#7212;2.38
C212;P#8212;4.77
C212;P#9212;2.38
C212;P#10212;2.38
C212;P#11212;2.38
C212;P#12212;7.15
C212;P#13212;2.38
C212;P#14212;2.38
C213;P#1213;2.38
C213;P#2213;4.77
C213;P#3213;7.15
C213;P#4213;2.38
C213;P#5213;2.38
C213;P#6213;2.38
C213;P#7213;2.38
C214;P#1214;4.77
C214;P#2214;2.38
C214;P#3214;2.38
C214;P#4214;4.77
C215;P#1215;2.38
C215;P#2215;2.38
C215;P#3215;4.77
C215;P#4215;7.15
C215;P#5215;2.38
C215;P#6215;2.38
C215;P#7215;4.77
C215;P#8215;2.38
C216;P#1216;7.15
C216;P#2216;7.15
C216;P#3216;2.38
C216;P#4216;2.38
C216;P#5216;2.38
C216;P#6216;2.38
C216;P#7216;2.38
C216;P#8216;2.38
C216;P#9216;2.38
C216;P#10216;2.38
C216;P#11216;2.38
C217;P#1217;2.38
C217;P#2217;2.38
C218;P#1218;2.38
C218;P#2218;4.77
C218;P#3218;2.38
C218;P#4218;2.38
C218;P#5218;2.38
C218;P#6218;2.38
C219;P#1219;2.38
C219;P#2219;2.38
C219;P#3219;2.38
C220;P#1220;2.38
C220;P#2220;2.38
C220;P#3220;2.38
C220;P#4220;2.38
C220;P#5220;2.38
C221;P#1221;2.38
C221;P#2221;2.38
C221;P#3221;2.38
C221;P#4221;2.38
C221;P#5221;2.38
C221;P#6221;7.15
C222;P#1222;9.54
C222;P#2222;2.38
C222;P#3222;2.38
C222;P#4222;2.38
C222;P#5222;2.38
C222;P#6222;2.38
C222;P#7222;9.54
C222;P#8222;2.38
C222;P#9222;2.38
C222;P#10222;2.38
C222;P#11222;2.38
C222;P#12222;2.38
C222;P#13222;52.44
C222;P#14222;2.38
C222;P#15222;7.15
C222;P#16222;2.38
C222;P#17222;2.38
C222;P#18222;2.38
C222;P#19222;7.15
C222;P#20222;4.77
C222;P#21222;2.38
C222;P#22222;4.77
C222;P#23222;2.38
C222;P#24222;4.77
C222;P#25222;2.38
C222;P#26222;4.77
C222;P#27222;2.38
C222;P#28222;2.38
C222;P#29222;4.77
C223;P#1223;7.15
C223;P#2223;2.38
C223;P#3223;9.54
C223;P#4223;26.22
C223;P#5223;4.77
C223;P#6223;14.3
C223;P#7223;2.38
C223;P#8223;2.38
C223;P#9223;7.15
C223;P#10223;7.15
C223;P#11223;28.61
C223;P#12223;2.38
C223;P#13223;2.38
C223;P#14223;4.77
C223;P#15223;42.91
C223;P#16223;4.77
C223;P#17223;2.38
C223;P#18223;9.54
C223;P#19223;2.38
C223;P#20223;2.38
C223;P#21223;4.77
C224;P#1224;2.38
C225;P#1225;4.77
C225;P#2225;4.77
C225;P#3225;2.38
C225;P#4225;2.38
C225;P#5225;2.38
C225;P#6225;2.38
C225;P#7225;2.38
C225;P#8225;4.77
C225;P#9225;2.38
C225;P#10225;4.77
C225;P#11225;2.38
C225;P#12225;2.38
C225;P#13225;2.38
C226;P#1226;2.38
C226;P#2226;2.38
C226;P#3226;2.38
C226;P#4226;2.38
C226;P#5226;2.38
C228;P#1228;2.38
C228;P#2228;2.38
C229;P#1229;2.38
C229;P#2229;2.38
C229;P#3229;2.38
C229;P#4229;4.77
C229;P#5229;2.38
C229;P#6229;2.38
C229;P#7229;2.38
C229;P#8229;2.38
C229;P#9229;2.38
C230;P#1230;2.38
C231;P#1231;2.38
C232;P#1232;4.77
C232;P#2232;2.38
C233;P#1233;2.38
C234;P#1234;2.38
C234;P#2234;2.38
C235;P#1235;2.38
C235;P#2235;2.38
C235;P#3235;2.38
C235;P#4235;2.38
C236;P#1236;2.38
C236;P#2236;2.38
C236;P#3236;4.77
C236;P#4236;2.38
C236;P#5236;2.38
C236;P#6236;2.38
C236;P#7236;2.38
C237;P#1237;4.77
C237;P#2237;2.38
C237;P#3237;2.38
C237;P#4237;2.38
C237;P#5237;2.38
C237;P#6237;4.77
C238;P#1238;4.77
C238;P#2238;2.38
C238;P#3238;2.38
C238;P#4238;2.38
C238;P#5238;2.38
C238;P#6238;2.38
C238;P#7238;2.38
C238;P#8238;4.77
C238;P#9238;2.38
C239;P#1239;2.38
C239;P#2239;2.38
C239;P#3239;2.38
C239;P#4239;2.38
C239;P#5239;2.38
C239;P#6239;2.38
C239;P#7239;4.77
C240;P#1240;2.38
C240;P#2240;2.38
C241;P#1241;2.38
C241;P#2241;2.38
C241;P#3241;4.77
C241;P#4241;2.38
C241;P#5241;2.38
C241;P#6241;2.38
C241;P#7241;2.38
C242;P#1242;2.38
C242;P#2242;2.38
C243;P#1243;2.38
C243;P#2243;2.38
C243;P#3243;2.38
C243;P#4243;2.38
C243;P#5243;2.38
C244;P#1244;2.38
C245;P#1245;2.38
C245;P#2245;4.77
C245;P#3245;2.38
C245;P#4245;2.38
C245;P#5245;2.38
C245;P#6245;2.38
C246;P#1246;2.38
C246;P#2246;2.38
C246;P#3246;2.38
C246;P#4246;2.38
C246;P#5246;2.38
C246;P#6246;2.38
C247;P#1247;2.38
C247;P#2247;2.38
C248;P#1248;2.38
C248;P#2248;2.38
C248;P#3248;2.38
C248;P#4248;2.38
C248;P#5248;2.38
C248;P#6248;4.77
C248;P#7248;2.38
C248;P#8248;2.38
C248;P#9248;2.38
C248;P#10248;2.38
C248;P#11248;4.77
C248;P#12248;2.38
C248;P#13248;2.38
C248;P#14248;2.38
C250;P#1250;2.38
C250;P#2250;2.38
C250;P#3250;2.38
C250;P#4250;2.38
C250;P#5250;4.77
C250;P#6250;2.38
C250;P#7250;2.38
C250;P#8250;2.38
C250;P#9250;2.38
C250;P#10250;4.77
C250;P#11250;2.38
C250;P#12250;2.38
C250;P#13250;2.38
C250;P#14250;2.38
C250;P#15250;2.38
C250;P#16250;2.38
C251;P#1251;2.38
C251;P#2251;2.38
C251;P#3251;2.38
C251;P#4251;2.38
C251;P#5251;4.77
C251;P#6251;2.38
C251;P#7251;2.38
C252;P#1252;2.38
C252;P#2252;2.38
C252;P#3252;2.38
C252;P#4252;4.77
C252;P#5252;2.38
C252;P#6252;2.38
C252;P#7252;2.38
C252;P#8252;2.38
C253;P#1253;2.38
C253;P#2253;2.38
C253;P#3253;2.38
C253;P#4253;2.38
C254;P#1254;2.38
C254;P#2254;2.38
C254;P#3254;2.38
C254;P#4254;2.38
C254;P#5254;2.38
C254;P#6254;2.38
C254;P#7254;2.38
C254;P#8254;2.38
C256;P#1256;2.38
C256;P#2256;2.38
C256;P#3256;2.38
C256;P#4256;2.38
C256;P#5256;4.77
C256;P#6256;4.77
C256;P#7256;2.38
C256;P#8256;2.38
C256;P#9256;4.77
C256;P#10256;2.38
C256;P#11256;4.77
C256;P#12256;2.38
C256;P#13256;2.38
C256;P#14256;4.77
C256;P#15256;2.38
C256;P#16256;2.38
C256;P#17256;2.38
C256;P#18256;2.38
C256;P#19256;4.77
C256;P#20256;2.38
C256;P#21256;2.38
C257;P#1257;4.77
C257;P#2257;4.77
C257;P#3257;2.38
C257;P#4257;2.38
C258;P#1258;2.38
C258;P#2258;2.38
C258;P#3258;4.77
C258;P#4258;2.38
C258;P#5258;2.38
C258;P#6258;2.38
C258;P#7258;4.77
C258;P#8258;4.77
C258;P#9258;2.38
C259;P#1259;2.38
C259;P#2259;2.38
C259;P#3259;2.38
C259;P#4259;2.38
C260;P#1260;2.38
C262;P#1262;7.15
C262;P#2262;2.38
C262;P#3262;7.15
C262;P#4262;4.77
C262;P#5262;2.38
C262;P#6262;2.38
C263;P#1263;2.38
C263;P#2263;2.38
C263;P#3263;7.15
C263;P#4263;2.38
C263;P#5263;4.77
C263;P#6263;2.38
C263;P#7263;2.38
C263;P#8263;2.38
C264;P#1264;2.38
C264;P#2264;2.38
C265;P#1265;2.38
C265;P#2265;2.38
C265;P#3265;2.38
C265;P#4265;9.54
C265;P#5265;2.38
C265;P#6265;2.38
C265;P#7265;7.15
C265;P#8265;2.38
C266;P#1266;2.38
C266;P#2266;2.38
C266;P#3266;2.38
C266;P#4266;2.38
C266;P#5266;2.38
C267;P#1267;2.38
C267;P#2267;2.38
C267;P#3267;4.77
C267;P#4267;2.38
C268;P#1268;4.77
C268;P#2268;2.38
C268;P#3268;2.38
C268;P#4268;2.38
C268;P#5268;4.77
C268;P#6268;2.38
C268;P#7268;2.38
C268;P#8268;2.38
C268;P#9268;2.38
C268;P#10268;4.77
C268;P#11268;4.77
C268;P#12268;7.15
C268;P#13268;4.77
C268;P#14268;2.38
C268;P#15268;4.77
C269;P#1269;4.77
C269;P#2269;11.92
C269;P#3269;2.38
C269;P#4269;2.38
C269;P#5269;2.38
C269;P#6269;2.38
C269;P#7269;7.15
C269;P#8269;2.38
C269;P#9269;4.77
C269;P#10269;9.54
C269;P#11269;2.38
C269;P#12269;2.38
C269;P#13269;4.77
C269;P#14269;4.77
C269;P#15269;4.77
C269;P#16269;4.77
C269;P#17269;2.38
C270;P#1270;2.38
C270;P#2270;2.38
C270;P#3270;9.54
C270;P#4270;4.77
C270;P#5270;7.15
C270;P#6270;2.38
C270;P#7270;2.38
C270;P#8270;2.38
C270;P#9270;2.38
C270;P#10270;2.38
C270;P#11270;2.38
C271;P#1271;2.38
C271;P#2271;2.38
C271;P#3271;2.38
C271;P#4271;23.84
C271;P#5271;2.38
C271;P#6271;11.92
C271;P#7271;4.77
C271;P#8271;4.77
C271;P#9271;33.37
C271;P#10271;4.77
C271;P#11271;2.38
C271;P#12271;2.38
C271;P#13271;2.38
C271;P#14271;4.77
C271;P#15271;2.38
C271;P#16271;14.3
C271;P#17271;2.38
C271;P#18271;2.38
C271;P#19271;2.38
C271;P#20271;2.38
C271;P#21271;7.15
C271;P#22271;4.77
C271;P#23271;4.77
C272;P#1272;4.77
C272;P#2272;4.77
C272;P#3272;23.84
C272;P#4272;4.77
C272;P#5272;4.77
C272;P#6272;2.38
C272;P#7272;9.54
C272;P#8272;2.38
C272;P#9272;2.38
C272;P#10272;2.38
C272;P#11272;9.54
C272;P#12272;2.38
C272;P#13272;42.91
C272;P#14272;2.38
C272;P#15272;2.38
C272;P#16272;2.38
C272;P#17272;2.38
C272;P#18272;4.77
C272;P#19272;2.38
C273;P#1273;2.38
C273;P#2273;2.38
C273;P#3273;2.38
C273;P#4273;11.92
C273;P#5273;2.38
C273;P#6273;2.38
C273;P#7273;2.38
C273;P#8273;4.77
C273;P#9273;4.77
C273;P#10273;2.38
C273;P#11273;4.77
C273;P#12273;4.77
C273;P#13273;2.38
C273;P#14273;2.38
C273;P#15273;4.77
C273;P#16273;4.77
C274;P#1274;2.38
C274;P#2274;2.38
C274;P#3274;2.38
C274;P#4274;2.38
C274;P#5274;2.38
C274;P#6274;16.69
C274;P#7274;2.38
C274;P#8274;2.38
C274;P#9274;2.38
C274;P#10274;4.77
C274;P#11274;2.38
C274;P#12274;2.38
C274;P#13274;4.77
C275;P#1275;2.38
C275;P#2275;4.77
C275;P#3275;2.38
C275;P#4275;4.77
C275;P#5275;4.77
C275;P#6275;4.77
C275;P#7275;4.77
C275;P#8275;2.38
C275;P#9275;4.77
C275;P#10275;9.54
C275;P#11275;2.38
C275;P#12275;2.38
C275;P#13275;2.38
C275;P#14275;4.77
C276;P#1276;2.38
C276;P#2276;2.38
C276;P#3276;2.38
C276;P#4276;4.77
C276;P#5276;2.38
C276;P#6276;2.38
C276;P#7276;2.38
C276;P#8276;2.38
C276;P#9276;2.38
C276;P#10276;4.77
C277;P#1277;9.54
C277;P#2277;2.38
C277;P#3277;2.38
C277;P#4277;4.77
C277;P#5277;4.77
C277;P#6277;2.38
C277;P#7277;2.38
C277;P#8277;2.38
C277;P#9277;2.38
C277;P#10277;16.69
C277;P#11277;11.92
C277;P#12277;2.38
C277;P#13277;2.38
C277;P#14277;11.92
C277;P#15277;2.38
C277;P#16277;7.15
C277;P#17277;2.38
C278;P#1278;30.99
C278;P#2278;2.38
C278;P#3278;4.77
C278;P#4278;2.38
C278;P#5278;2.38
C278;P#6278;33.37
C278;P#7278;11.92
C278;P#8278;2.38
C278;P#9278;2.38
C278;P#10278;4.77
C278;P#11278;2.38
C278;P#12278;2.38
C278;P#13278;4.77
C278;P#14278;2.38
C278;P#15278;9.54
C278;P#16278;4.77
C278;P#17278;2.38
C278;P#18278;4.77
C278;P#19278;2.38
C278;P#20278;9.54
C278;P#21278;4.77
C278;P#22278;2.38
C279;P#1279;2.38
C279;P#2279;2.38
C279;P#3279;4.77
C279;P#4279;4.77
C279;P#5279;4.77
C279;P#6279;2.38
C279;P#7279;9.54
C279;P#8279;2.38
C279;P#9279;2.38
C280;P#1280;4.77
C280;P#2280;2.38
C280;P#3280;2.38
C280;P#4280;2.38
C280;P#5280;4.77
C280;P#6280;2.38
C280;P#7280;2.38
C280;P#8280;2.38
C280;P#9280;4.77
C280;P#10280;4.77
C280;P#11280;11.92
C281;P#1281;2.38
C281;P#2281;2.38
C281;P#3281;23.84
C281;P#4281;9.54
C281;P#5281;2.38
C281;P#6281;2.38
C281;P#7281;2.38
C281;P#8281;2.38
C281;P#9281;2.38
C281;P#10281;7.15
C281;P#11281;4.77
C282;P#1282;4.77
C282;P#2282;2.38
C282;P#3282;4.77
C282;P#4282;38.14
C282;P#5282;2.38
C282;P#6282;2.38
C282;P#7282;4.77
C282;P#8282;2.38
C282;P#9282;73.9
C282;P#10282;2.38
C282;P#11282;2.38
C282;P#12282;19.07
C282;P#13282;4.77
C282;P#14282;7.15
C282;P#15282;64.36
C282;P#16282;2.38
C283;P#1283;2.38
C283;P#2283;2.38
C283;P#3283;140.64
C283;P#4283;4.77
C283;P#5283;9.54
C283;P#6283;71.51
C283;P#7283;11.92
C283;P#8283;2.38
C283;P#9283;16.69
C283;P#10283;2.38
C283;P#11283;2.38
C283;P#12283;11.92
C283;P#13283;9.54
C283;P#14283;19.07
C283;P#15283;2.38
C283;P#16283;4.77
C283;P#17283;2.38
C283;P#18283;2.38
C283;P#19283;2.38
C283;P#20283;2.38
C283;P#21283;2.38
C283;P#22283;2.38
C283;P#23283;9.54
C283;P#24283;2.38
C283;P#25283;4.77
C283;P#26283;83.43
C283;P#27283;2.38
C283;P#28283;2.38
C283;P#29283;2.38
C284;P#1284;2.38
C284;P#2284;4.77
C284;P#3284;9.54
C284;P#4284;2.38
C284;P#5284;2.38
C284;P#6284;21.45
C284;P#7284;4.77
C284;P#8284;4.77
C284;P#9284;2.38
C284;P#10284;2.38
C284;P#11284;4.77
C284;P#12284;2.38
C284;P#13284;11.92
C284;P#14284;2.38
C284;P#15284;2.38
C285;P#1285;2.38
C285;P#2285;2.38
C285;P#3285;2.38
C285;P#4285;2.38
C285;P#5285;52.44
C285;P#6285;11.92
C285;P#7285;2.38
C285;P#8285;7.15
C285;P#9285;2.38
C285;P#10285;2.38
C286;P#1286;61.98
C286;P#2286;2.38
C286;P#3286;2.38
C286;P#4286;2.38
C286;P#5286;4.77
C286;P#6286;2.38
C286;P#7286;4.77
C286;P#8286;9.54
C286;P#9286;4.77
C286;P#10286;2.38
C286;P#11286;2.38
C286;P#12286;2.38
C287;P#1287;2.38
C287;P#2287;2.38
C287;P#3287;2.38
C287;P#4287;23.84
C288;P#1288;2.38
C288;P#2288;2.38
C288;P#3288;2.38
C288;P#4288;14.3
C288;P#5288;2.38
C288;P#6288;2.38
C288;P#7288;2.38
C288;P#8288;2.38
C288;P#9288;2.38
C288;P#10288;2.38
C288;P#11288;7.15
C288;P#12288;78.66
C288;P#13288;2.38
C288;P#14288;2.38
C288;P#15288;2.38
C288;P#16288;2.38
C288;P#17288;2.38
C288;P#18288;4.77
C288;P#19288;26.22
C288;P#20288;14.3
C288;P#21288;2.38
C288;P#22288;2.38
C288;P#23288;2.38
C289;P#1289;2.38
C289;P#2289;2.38
C289;P#3289;2.38
C289;P#4289;2.38
C289;P#5289;2.38
C289;P#6289;2.38
C289;P#7289;2.38
C289;P#8289;2.38
C289;P#9289;2.38
C289;P#10289;2.38
C290;P#1290;2.38
C290;P#2290;2.38
C290;P#3290;2.38
C290;P#4290;2.38
C290;P#5290;7.15
C290;P#6290;2.38
C290;P#7290;2.38
C291;P#1291;2.38
C291;P#2291;2.38
C291;P#3291;2.38
C291;P#4291;2.38
C291;P#5291;2.38
C291;P#6291;2.38
C292;P#1292;2.38
C292;P#2292;2.38
C292;P#3292;4.77
C292;P#4292;7.15
C292;P#5292;2.38
C292;P#6292;4.77
C292;P#7292;4.77
C292;P#8292;2.38
C292;P#9292;2.38
C293;P#1293;2.38
C293;P#2293;2.38
C293;P#3293;2.38
C293;P#4293;2.38
C293;P#5293;2.38
C293;P#6293;2.38
C293;P#7293;2.38
C294;P#1294;2.38
C294;P#2294;2.38
C294;P#3294;9.54
C294;P#4294;2.38
C294;P#5294;2.38
C294;P#6294;2.38
C294;P#7294;7.15
C294;P#8294;2.38
C295;P#1295;2.38
C295;P#2295;11.92
C295;P#3295;2.38
C295;P#4295;2.38
C296;P#1296;11.92
C296;P#2296;9.54
C296;P#3296;2.38
C296;P#4296;4.77
C296;P#5296;2.38
C296;P#6296;4.77
C296;P#7296;4.77
C296;P#8296;2.38
C296;P#9296;2.38
C296;P#10296;2.38
C297;P#1297;2.38
C297;P#2297;2.38
C297;P#3297;2.38
C297;P#4297;4.77
C297;P#5297;2.38
C298;P#1298;4.77
C298;P#2298;2.38
C298;P#3298;2.38
C298;P#4298;2.38
C298;P#5298;2.38
C298;P#6298;2.38
C298;P#7298;2.38
C299;P#1299;4.77
C300;P#1300;2.38
C300;P#2300;4.77
C300;P#3300;2.38
C300;P#4300;2.38
C300;P#5300;2.38
C301;P#1301;2.38
C301;P#2301;2.38
C302;P#1302;2.38
C302;P#2302;2.38
C302;P#3302;11.92
C302;P#4302;2.38
C302;P#5302;2.38
C302;P#6302;2.38
C302;P#7302;4.77
C303;P#1303;2.38
C303;P#2303;2.38
C303;P#3303;2.38
C303;P#4303;2.38
C303;P#5303;2.38
C303;P#6303;2.38
C304;P#1304;2.38
C304;P#2304;2.38
C304;P#3304;2.38
C304;P#4304;7.15
C304;P#5304;2.38
C304;P#6304;2.38
C304;P#7304;2.38
C304;P#8304;2.38
C305;P#1305;2.38
C305;P#2305;2.38
C305;P#3305;2.38
C306;P#1306;9.54
C307;P#1307;2.38
C307;P#2307;7.15
C307;P#3307;2.38
C307;P#4307;4.77
C308;P#1308;2.38
C308;P#2308;2.38
C308;P#3308;2.38
C308;P#4308;2.38
C308;P#5308;2.38
C308;P#6308;4.77
C308;P#7308;21.45
C308;P#8308;4.77
C308;P#9308;4.77
C308;P#10308;2.38
C308;P#11308;2.38
C308;P#12308;2.38
C308;P#13308;2.38
C308;P#14308;2.38
C308;P#15308;4.77
C308;P#16308;2.38
C308;P#17308;2.38
C309;P#1309;2.38
C309;P#2309;2.38
C309;P#3309;2.38
C309;P#4309;2.38
C309;P#5309;2.38
C309;P#6309;2.38
C309;P#7309;2.38
C309;P#8309;16.69
C309;P#9309;2.38
C309;P#10309;2.38
C309;P#11309;2.38
C309;P#12309;7.15
C309;P#13309;2.38
C309;P#14309;2.38
C309;P#15309;2.38
C309;P#16309;14.3
C309;P#17309;4.77
C309;P#18309;2.38
C309;P#19309;2.38
C309;P#20309;2.38
C309;P#21309;2.38
C309;P#22309;7.15
C310;P#1310;2.38
C310;P#2310;2.38
C310;P#3310;7.15
C310;P#4310;9.54
C310;P#5310;2.38
C310;P#6310;2.38
C310;P#7310;2.38
C310;P#8310;2.38
C310;P#9310;2.38
C310;P#10310;2.38
C310;P#11310;2.38
C310;P#12310;14.3
C310;P#13310;4.77
C310;P#14310;2.38
C310;P#15310;2.38
C311;P#1311;2.38
C311;P#2311;2.38
C311;P#3311;2.38
C311;P#4311;2.38
C312;P#1312;4.77
C312;P#2312;4.77
C312;P#3312;2.38
C312;P#4312;2.38
C312;P#5312;2.38
C312;P#6312;2.38
C312;P#7312;30.99
C312;P#8312;2.38
C312;P#9312;2.38
C312;P#10312;2.38
C312;P#11312;19.07
C312;P#12312;2.38
C312;P#13312;7.15
C312;P#14312;2.38
C312;P#15312;30.99
C312;P#16312;2.38
C312;P#17312;2.38
C312;P#18312;2.38
C312;P#19312;2.38
C312;P#20312;2.38
C313;P#1313;2.38
C313;P#2313;14.3
C313;P#3313;2.38
C313;P#4313;2.38
C314;P#1314;2.38
C314;P#2314;9.54
C314;P#3314;4.77
C314;P#4314;2.38
C314;P#5314;7.15
C314;P#6314;2.38
C314;P#7314;2.38
C314;P#8314;2.38
C314;P#9314;2.38
C314;P#10314;4.77
C314;P#11314;11.92
C314;P#12314;21.45
C314;P#13314;11.92
C314;P#14314;2.38
C314;P#15314;11.92
C314;P#16314;2.38
C314;P#17314;9.54
C314;P#18314;9.54
C314;P#19314;2.38
C314;P#20314;2.38
C315;P#1315;2.38
C315;P#2315;2.38
C315;P#3315;2.38
C315;P#4315;4.77
C315;P#5315;2.38
C315;P#6315;2.38
C315;P#7315;2.38
C315;P#8315;2.38
C315;P#9315;4.77
C315;P#10315;2.38
C315;P#11315;4.77
C315;P#12315;2.38
C315;P#13315;2.38
C315;P#14315;9.54
C315;P#15315;2.38
C315;P#16315;2.38
C316;P#1316;4.77
C316;P#2316;2.38
C316;P#3316;11.92
C316;P#4316;2.38
C316;P#5316;7.15
C316;P#6316;2.38
C316;P#7316;2.38
C316;P#8316;2.38
C316;P#9316;4.77
C316;P#10316;2.38
C317;P#1317;9.54
C317;P#2317;2.38
C317;P#3317;4.77
C317;P#4317;2.38
C317;P#5317;2.38
C317;P#6317;2.38
C317;P#7317;38.14
C317;P#8317;4.77
C317;P#9317;4.77
C317;P#10317;2.38
C317;P#11317;2.38
C317;P#12317;2.38
C317;P#13317;9.54
C317;P#14317;2.38
C317;P#15317;2.38
C317;P#16317;4.77
C317;P#17317;2.38
C317;P#18317;9.54
C317;P#19317;2.38
C317;P#20317;2.38
C318;P#1318;2.38
C318;P#2318;2.38
C318;P#3318;4.77
C318;P#4318;2.38
C318;P#5318;2.38
C318;P#6318;2.38
C318;P#7318;2.38
C318;P#8318;2.38
C318;P#9318;61.98
C318;P#10318;2.38
C318;P#11318;2.38
C318;P#12318;2.38
C319;P#1319;2.38
C319;P#2319;4.77
C319;P#3319;4.77
C319;P#4319;2.38
C319;P#5319;7.15
C319;P#6319;2.38
C319;P#7319;2.38
C319;P#8319;4.77
C319;P#9319;2.38
C319;P#10319;4.77
C319;P#11319;2.38
C319;P#12319;2.38
C319;P#13319;9.54
C319;P#14319;2.38
C319;P#15319;4.77
C319;P#16319;14.3
C320;P#1320;2.38
C320;P#2320;11.92
C320;P#3320;7.15
C320;P#4320;9.54
C320;P#5320;2.38
C320;P#6320;2.38
C320;P#7320;4.77
C320;P#8320;2.38
C320;P#9320;2.38
C320;P#10320;4.77
C321;P#1321;2.38
C321;P#2321;4.77
C321;P#3321;2.38
C321;P#4321;2.38
C321;P#5321;2.38
C322;P#1322;2.38
C322;P#2322;2.38
C322;P#3322;7.15
C322;P#4322;2.38
C322;P#5322;2.38
C322;P#6322;2.38
C322;P#7322;2.38
C322;P#8322;4.77
C322;P#9322;2.38
C322;P#10322;2.38
C322;P#11322;19.07
C322;P#12322;2.38
C322;P#13322;2.38
C323;P#1323;2.38
C323;P#2323;2.38
C323;P#3323;2.38
C323;P#4323;2.38
C323;P#5323;2.38
C323;P#6323;2.38
C323;P#7323;2.38
C323;P#8323;2.38
C323;P#9323;2.38
C323;P#10323;9.54
C323;P#11323;4.77
C323;P#12323;2.38
C323;P#13323;2.38
C323;P#14323;2.38
C323;P#15323;2.38
C323;P#16323;2.38
C323;P#17323;2.38
C323;P#18323;2.38
C323;P#19323;4.77
C323;P#20323;2.38
C323;P#21323;2.38
C323;P#22323;2.38
C323;P#23323;16.69
C323;P#24323;2.38
C323;P#25323;4.77
C323;P#26323;4.77
C323;P#27323;2.38
C324;P#1324;2.38
C324;P#2324;2.38
C324;P#3324;4.77
C324;P#4324;2.38
C324;P#5324;2.38
C324;P#6324;2.38
C324;P#7324;4.77
C324;P#8324;7.15
C324;P#9324;28.61
C324;P#10324;2.38
C324;P#11324;2.38
C324;P#12324;2.38
C324;P#13324;2.38
C324;P#14324;2.38
C324;P#15324;23.84
C324;P#16324;2.38
C324;P#17324;2.38
C324;P#18324;2.38
C324;P#19324;92.97
C324;P#20324;2.38
C324;P#21324;9.54
C324;P#22324;4.77
C325;P#1325;4.77
C325;P#2325;2.38
C325;P#3325;4.77
C325;P#4325;2.38
C325;P#5325;2.38
C325;P#6325;4.77
C325;P#7325;2.38
C325;P#8325;2.38
C325;P#9325;7.15
C325;P#10325;2.38
C325;P#11325;4.77
C325;P#12325;4.77
C325;P#13325;2.38
C325;P#14325;2.38
C325;P#15325;2.38
C325;P#16325;50.06
C325;P#17325;2.38
C325;P#18325;4.77
C326;P#1326;2.38
C326;P#2326;2.38
C326;P#3326;21.45
C326;P#4326;2.38
C326;P#5326;9.54
C326;P#6326;28.61
C326;P#7326;11.92
C326;P#8326;4.77
C326;P#9326;2.38
C326;P#10326;2.38
C326;P#11326;4.77
C326;P#12326;2.38
C327;P#1327;23.84
C327;P#2327;2.38
C327;P#3327;2.38
C327;P#4327;64.36
C327;P#5327;2.38
C327;P#6327;4.77
C327;P#7327;7.15
C327;P#8327;2.38
C327;P#9327;4.77
C327;P#10327;2.38
C327;P#11327;2.38
C327;P#12327;2.38
C327;P#13327;2.38
C327;P#14327;2.38
C327;P#15327;2.38
C327;P#16327;11.92
C327;P#17327;2.38
C327;P#18327;11.92
C327;P#19327;4.77
C328;P#1328;2.38
C328;P#2328;4.77
C328;P#3328;2.38
C328;P#4328;2.38
C328;P#5328;2.38
C328;P#6328;2.38
C328;P#7328;7.15
C328;P#8328;2.38
C328;P#9328;2.38
C328;P#10328;4.77
C328;P#11328;7.15
C328;P#12328;2.38
C328;P#13328;2.38
C329;P#1329;4.77
C329;P#2329;28.61
C329;P#3329;2.38
C329;P#4329;2.38
C329;P#5329;2.38
C329;P#6329;2.38
C329;P#7329;7.15
C329;P#8329;4.77
C330;P#1330;11.92
C330;P#2330;2.38
C330;P#3330;2.38
C330;P#4330;2.38
C330;P#5330;2.38
C330;P#6330;2.38
C330;P#7330;4.77
C331;P#1331;2.38
C331;P#2331;2.38
C331;P#3331;4.77
C331;P#4331;2.38
C331;P#5331;2.38
C331;P#6331;2.38
C331;P#7331;54.83
C331;P#8331;2.38
C331;P#9331;7.15
C331;P#10331;28.61
C331;P#11331;2.38
C331;P#12331;9.54
C331;P#13331;2.38
C331;P#14331;2.38
C331;P#15331;2.38
C331;P#16331;2.38
C331;P#17331;2.38
C332;P#1332;2.38
C332;P#2332;2.38
C332;P#3332;2.38
C332;P#4332;2.38
C332;P#5332;2.38
C332;P#6332;2.38
C332;P#7332;2.38
C332;P#8332;35.76
C332;P#9332;7.15
C332;P#10332;2.38
C332;P#11332;2.38
C332;P#12332;4.77
C332;P#13332;2.38
C332;P#14332;4.77
C333;P#1333;2.38
C333;P#2333;19.07
C333;P#3333;7.15
C333;P#4333;2.38
C333;P#5333;2.38
C333;P#6333;4.77
C333;P#7333;4.77
C333;P#8333;2.38
C333;P#9333;2.38
C333;P#10333;2.38
C333;P#11333;54.83
C333;P#12333;2.38
C333;P#13333;11.92
C333;P#14333;2.38
C333;P#15333;4.77
C333;P#16333;2.38
C333;P#17333;2.38
C333;P#18333;11.92
C333;P#19333;2.38
C334;P#1334;2.38
C334;P#2334;2.38
C334;P#3334;2.38
C334;P#4334;2.38
C334;P#5334;2.38
C334;P#6334;2.38
C334;P#7334;2.38
C334;P#8334;2.38
C334;P#9334;7.15
C335;P#1335;2.38
C335;P#2335;2.38
C335;P#3335;2.38
C335;P#4335;2.38
C335;P#5335;2.38
C335;P#6335;2.38
C335;P#7335;2.38
C336;P#1336;2.38
C336;P#2336;4.77
C336;P#3336;2.38
C336;P#4336;4.77
C336;P#5336;2.38
C336;P#6336;2.38
C336;P#7336;7.15
C336;P#8336;2.38
C336;P#9336;2.38
C336;P#10336;2.38
C336;P#11336;2.38
C336;P#12336;11.92
C336;P#13336;2.38
C338;P#1338;2.38
C338;P#2338;2.38
C338;P#3338;2.38
C338;P#4338;2.38
C338;P#5338;2.38
C338;P#6338;2.38
C338;P#7338;2.38
C338;P#8338;2.38
C339;P#1339;2.38
C339;P#2339;2.38
C339;P#3339;2.38
C339;P#4339;2.38
C340;P#1340;2.38
C340;P#2340;2.38
C340;P#3340;2.38
C340;P#4340;4.77
C340;P#5340;2.38
C340;P#6340;9.54
C340;P#7340;2.38
C340;P#8340;2.38
C340;P#9340;4.77
C340;P#10340;2.38
C340;P#11340;2.38
C340;P#12340;2.38
C340;P#13340;4.77
C340;P#14340;2.38
C340;P#15340;2.38
C340;P#16340;2.38
C340;P#17340;2.38
C340;P#18340;2.38
C341;P#1341;7.15
C341;P#2341;2.38
C341;P#3341;4.77
C342;P#1342;4.77
C344;P#1344;2.38
C344;P#2344;2.38
C345;P#1345;2.38
C345;P#2345;2.38
C345;P#3345;2.38
C345;P#4345;2.38
C345;P#5345;2.38
C345;P#6345;7.15
C345;P#7345;2.38
C345;P#8345;4.77
C345;P#9345;7.15
C345;P#10345;2.38
C345;P#11345;2.38
C345;P#12345;2.38
C345;P#13345;2.38
C346;P#1346;2.38
C346;P#2346;2.38
C346;P#3346;2.38
C346;P#4346;2.38
C346;P#5346;2.38
C346;P#6346;2.38
C346;P#7346;2.38
C346;P#8346;4.77
C346;P#9346;9.54
C346;P#10346;7.15
C346;P#11346;2.38
C346;P#12346;9.54
C347;P#1347;2.38
C347;P#2347;2.38
C347;P#3347;4.77
C347;P#4347;11.92
C347;P#5347;2.38
C347;P#6347;2.38
