from,to,demand
1,4,2.38
1,11,4.77
1,19,7.15
1,20,2.38
1,39,2.38
1,41,2.38
1,60,2.38
1,64,2.38
1,65,2.38
1,68,2.38
1,72,2.38
1,73,2.38
1,74,2.38
1,75,14.3
1,76,2.38
1,104,2.38
1,109,2.38
1,116,4.77
1,119,2.38
1,121,4.77
1,123,9.54
1,124,9.54
1,125,9.54
1,129,4.77
1,134,2.38
1,137,2.38
1,143,2.38
1,148,2.38
1,157,2.38
1,159,2.38
1,178,2.38
1,182,2.38
1,195,2.38
1,197,2.38
1,205,16.69
1,209,4.77
1,211,2.38
1,212,4.77
1,216,2.38
1,223,2.38
1,237,2.38
1,239,4.77
1,246,2.38
1,269,2.38
1,272,2.38
1,323,2.38
1,338,2.38
1,340,9.54
1,346,2.38
2,1,2.38
2,2,2.38
2,4,2.38
2,7,2.38
2,12,2.38
2,20,2.38
2,38,2.38
2,41,4.77
2,46,4.77
2,48,2.38
2,69,4.77
2,71,2.38
2,74,4.77
2,75,2.38
2,76,7.15
2,77,9.54
2,90,2.38
2,91,2.38
2,93,2.38
2,104,2.38
2,114,2.38
2,124,2.38
2,125,2.38
2,131,2.38
2,171,4.77
2,174,2.38
2,203,2.38
2,205,7.15
2,207,2.38
2,209,11.92
2,213,7.15
2,214,4.77
2,215,7.15
2,216,7.15
2,219,2.38
2,220,2.38
2,222,4.77
2,223,2.38
2,225,2.38
2,226,2.38
2,239,2.38
2,250,2.38
2,254,2.38
2,264,2.38
2,270,2.38
2,271,4.77
2,273,4.77
2,305,2.38
2,323,2.38
2,339,2.38
2,340,4.77
2,346,7.15
3,1,2.38
3,3,4.77
3,12,2.38
3,20,2.38
3,21,4.77
3,23,2.38
3,26,4.77
3,55,7.15
3,60,2.38
3,72,7.15
3,73,19.07
3,74,11.92
3,75,26.22
3,76,23.84
3,77,23.84
3,78,19.07
3,79,2.38
3,81,4.77
3,82,4.77
3,84,14.3
3,85,11.92
3,86,2.38
3,89,2.38
3,92,2.38
3,101,7.15
3,106,2.38
3,119,2.38
3,124,2.38
3,125,2.38
3,130,2.38
3,140,2.38
3,161,2.38
3,165,2.38
3,166,2.38
3,205,2.38
3,206,2.38
3,208,2.38
3,241,2.38
3,251,2.38
3,284,2.38
3,315,2.38
3,323,2.38
3,338,2.38
3,344,2.38
3,346,2.38
4,3,2.38
4,4,7.15
4,5,2.38
4,13,2.38
4,16,2.38
4,18,2.38
4,23,2.38
4,31,2.38
4,41,2.38
4,42,2.38
4,52,2.38
4,56,2.38
4,60,2.38
4,66,4.77
4,72,7.15
4,73,4.77
4,75,11.92
4,76,4.77
4,77,4.77
4,78,9.54
4,85,2.38
4,90,2.38
4,91,2.38
4,102,4.77
4,104,2.38
4,106,2.38
4,107,2.38
4,116,4.77
4,117,7.15
4,123,2.38
4,145,2.38
4,150,2.38
4,152,2.38
4,154,4.77
4,156,2.38
4,177,2.38
4,178,4.77
4,207,23.84
4,209,4.77
4,210,4.77
4,211,2.38
4,212,2.38
4,213,2.38
4,216,7.15
4,217,2.38
4,223,4.77
4,229,2.38
4,232,2.38
4,243,2.38
4,252,2.38
4,254,2.38
4,270,2.38
4,283,2.38
4,308,2.38
4,325,4.77
4,326,2.38
4,340,2.38
4,347,2.38
5,4,2.38
5,60,2.38
5,73,4.77
5,75,11.92
5,76,2.38
5,77,2.38
5,78,9.54
5,86,2.38
5,90,2.38
5,91,2.38
5,101,2.38
5,104,2.38
5,116,2.38
5,129,2.38
5,198,2.38
5,205,2.38
5,207,7.15
5,216,2.38
5,223,4.77
5,274,2.38
5,324,2.38
6,3,14.3
6,26,2.38
6,27,2.38
6,51,2.38
6,56,2.38
6,72,16.69
6,73,21.45
6,74,4.77
6,75,23.84
6,76,11.92
6,77,21.45
6,78,7.15
6,84,9.54
6,85,9.54
6,86,2.38
6,87,2.38
6,90,4.77
6,101,2.38
6,102,2.38
6,104,9.54
6,116,2.38
6,125,4.77
6,148,2.38
6,164,2.38
6,170,2.38
6,180,2.38
6,186,2.38
6,206,7.15
6,208,2.38
6,216,2.38
6,237,2.38
6,286,2.38
7,21,2.38
7,39,2.38
7,48,2.38
7,54,2.38
7,69,2.38
7,72,2.38
7,75,2.38
7,76,4.77
7,78,4.77
7,101,2.38
7,156,2.38
7,182,2.38
7,212,7.15
7,215,2.38
7,220,2.38
7,234,2.38
7,239,2.38
7,250,2.38
7,253,2.38
7,271,2.38
7,284,2.38
7,314,2.38
7,318,2.38
7,328,2.38
7,346,9.54
8,1,4.77
8,3,2.38
8,4,7.15
8,20,2.38
8,58,2.38
8,69,2.38
8,73,7.15
8,74,2.38
8,75,19.07
8,76,2.38
8,78,2.38
8,83,2.38
8,99,2.38
8,121,2.38
8,123,4.77
8,124,9.54
8,125,4.77
8,126,2.38
8,149,2.38
8,179,2.38
8,204,2.38
8,205,4.77
8,207,9.54
8,209,2.38
8,210,2.38
8,214,2.38
8,215,4.77
8,223,4.77
8,236,4.77
8,248,2.38
8,250,2.38
8,258,2.38
8,271,2.38
8,274,2.38
8,284,2.38
8,323,2.38
8,327,2.38
8,333,2.38
8,341,7.15
8,346,9.54
9,10,2.38
9,13,4.77
9,20,4.77
9,39,4.77
9,41,2.38
9,58,2.38
9,67,9.54
9,72,2.38
9,73,2.38
9,74,9.54
9,75,26.22
9,76,4.77
9,77,2.38
9,84,2.38
9,104,2.38
9,116,2.38
9,121,4.77
9,123,9.54
9,124,11.92
9,125,2.38
9,145,2.38
9,150,2.38
9,155,4.77
9,156,2.38
9,163,2.38
9,166,2.38
9,175,2.38
9,177,2.38
9,205,2.38
9,207,2.38
9,251,4.77
9,278,2.38
9,316,2.38
9,328,2.38
9,340,2.38
10,18,2.38
10,20,2.38
10,39,2.38
10,41,2.38
10,59,2.38
10,72,2.38
10,73,9.54
10,75,47.68
10,76,4.77
10,116,4.77
10,117,2.38
10,121,2.38
10,123,7.15
10,124,4.77
10,125,7.15
10,126,2.38
10,165,2.38
10,183,2.38
11,17,2.38
11,20,2.38
11,67,2.38
11,78,2.38
11,124,4.77
11,141,2.38
11,204,2.38
12,10,2.38
12,67,2.38
12,85,4.77
12,90,2.38
12,148,2.38
12,165,2.38
12,203,2.38
12,204,2.38
12,216,2.38
12,250,2.38
12,256,2.38
13,2,2.38
13,10,2.38
13,13,2.38
13,16,2.38
13,67,2.38
13,101,2.38
13,133,2.38
13,145,2.38
13,157,7.15
13,159,2.38
13,210,2.38
13,340,2.38
14,58,4.77
14,67,2.38
14,69,2.38
14,143,4.77
14,145,7.15
14,148,4.77
14,198,2.38
14,204,2.38
14,236,2.38
14,250,2.38
14,308,2.38
14,340,2.38
15,9,2.38
15,19,2.38
15,58,2.38
15,67,16.69
15,74,2.38
15,75,2.38
15,76,2.38
15,77,7.15
15,85,2.38
15,91,2.38
15,101,2.38
15,123,2.38
15,124,2.38
15,125,2.38
15,148,4.77
15,155,2.38
15,156,4.77
15,241,4.77
15,283,2.38
16,2,2.38
16,18,7.15
16,20,2.38
16,66,2.38
16,67,14.3
16,75,4.77
16,77,2.38
16,101,2.38
16,116,2.38
16,126,2.38
16,145,4.77
16,148,4.77
16,149,2.38
16,245,4.77
16,248,4.77
16,256,4.77
16,318,2.38
17,59,4.77
17,60,2.38
17,67,4.77
17,85,2.38
17,135,2.38
17,137,2.38
17,144,4.77
17,145,2.38
17,148,11.92
17,149,2.38
17,179,2.38
17,204,2.38
17,205,2.38
17,206,2.38
17,340,4.77
18,3,4.77
18,10,2.38
18,15,2.38
18,18,4.77
18,58,4.77
18,59,4.77
18,61,2.38
18,68,2.38
18,72,2.38
18,73,7.15
18,74,2.38
18,75,11.92
18,77,2.38
18,101,4.77
18,116,2.38
18,133,4.77
18,135,2.38
18,136,2.38
18,143,2.38
18,144,2.38
18,145,2.38
18,148,4.77
18,149,2.38
18,165,2.38
18,166,4.77
18,183,4.77
18,205,2.38
18,225,2.38
18,236,2.38
18,241,2.38
18,248,2.38
18,309,2.38
18,338,2.38
19,1,2.38
19,3,2.38
19,15,2.38
19,18,7.15
19,21,4.77
19,41,2.38
19,67,2.38
19,72,2.38
19,73,11.92
19,74,7.15
19,75,9.54
19,76,11.92
19,78,2.38
19,84,2.38
19,85,11.92
19,88,2.38
19,90,2.38
19,91,2.38
19,101,2.38
19,104,2.38
19,105,2.38
19,106,2.38
19,116,9.54
19,117,4.77
19,123,2.38
19,124,9.54
19,125,2.38
19,133,2.38
19,134,2.38
19,135,2.38
19,137,2.38
19,155,2.38
19,156,4.77
19,182,2.38
19,202,2.38
19,207,2.38
19,309,2.38
19,345,2.38
20,1,2.38
20,19,4.77
20,21,4.77
20,41,7.15
20,65,2.38
20,67,2.38
20,69,7.15
20,72,2.38
20,73,26.22
20,74,4.77
20,75,64.36
20,76,2.38
20,77,14.3
20,78,14.3
20,84,4.77
20,85,2.38
20,90,2.38
20,104,4.77
20,106,2.38
20,116,4.77
20,117,2.38
20,121,9.54
20,123,14.3
20,124,21.45
20,125,2.38
20,126,2.38
20,129,4.77
20,156,2.38
20,165,2.38
20,205,4.77
20,207,7.15
20,222,2.38
20,234,2.38
20,238,2.38
20,257,2.38
20,284,2.38
20,309,2.38
20,315,4.77
20,336,2.38
20,339,2.38
20,341,4.77
20,346,4.77
21,1,2.38
21,2,4.77
21,3,16.69
21,4,2.38
21,9,2.38
21,10,2.38
21,19,7.15
21,20,4.77
21,21,2.38
21,27,2.38
21,38,2.38
21,41,4.77
21,44,2.38
21,49,2.38
21,52,2.38
21,56,2.38
21,57,2.38
21,60,4.77
21,72,4.77
21,73,45.29
21,74,19.07
21,75,52.44
21,76,26.22
21,77,35.76
21,78,21.45
21,81,4.77
21,84,2.38
21,85,11.92
21,86,2.38
21,87,7.15
21,90,2.38
21,93,2.38
21,94,4.77
21,101,21.45
21,104,9.54
21,105,2.38
21,106,2.38
21,116,28.61
21,117,2.38
21,119,4.77
21,121,9.54
21,122,2.38
21,123,7.15
21,124,14.3
21,125,16.69
21,141,4.77
21,148,2.38
21,149,2.38
21,156,2.38
21,157,2.38
21,161,2.38
21,177,4.77
21,178,2.38
21,179,2.38
21,206,2.38
21,207,2.38
21,209,2.38
21,211,2.38
21,212,4.77
21,214,2.38
21,218,2.38
21,239,2.38
21,265,2.38
21,268,2.38
21,278,2.38
21,326,2.38
21,340,2.38
21,346,2.38
22,2,2.38
22,3,2.38
22,73,4.77
22,74,4.77
22,75,21.45
22,78,2.38
22,79,2.38
22,85,2.38
22,86,4.77
22,87,4.77
22,101,4.77
22,106,2.38
22,116,2.38
22,123,4.77
22,124,2.38
22,177,2.38
22,189,2.38
22,192,4.77
22,238,2.38
23,3,9.54
23,5,2.38
23,13,2.38
23,20,2.38
23,26,2.38
23,72,7.15
23,73,11.92
23,74,4.77
23,75,9.54
23,76,9.54
23,77,42.91
23,78,7.15
23,82,2.38
23,84,4.77
23,85,7.15
23,86,2.38
23,87,2.38
23,90,2.38
23,91,2.38
23,92,2.38
23,94,2.38
23,95,2.38
23,104,7.15
23,106,2.38
23,116,16.69
23,117,2.38
23,121,2.38
23,123,7.15
23,124,2.38
23,125,2.38
23,148,2.38
23,206,7.15
23,212,2.38
23,216,2.38
23,222,4.77
23,229,2.38
23,230,2.38
23,237,2.38
23,250,2.38
23,254,2.38
23,294,2.38
23,304,2.38
23,309,2.38
23,345,2.38
23,346,2.38
24,4,2.38
24,20,2.38
24,21,2.38
24,27,2.38
24,30,2.38
24,34,2.38
24,48,2.38
24,60,2.38
24,67,2.38
24,72,4.77
24,73,2.38
24,74,2.38
24,75,7.15
24,76,2.38
24,77,7.15
24,78,4.77
24,82,2.38
24,85,2.38
24,86,2.38
24,90,2.38
24,91,2.38
24,110,2.38
24,116,4.77
24,123,2.38
24,124,2.38
24,126,2.38
24,135,2.38
24,146,2.38
24,156,4.77
24,170,2.38
24,176,2.38
24,182,2.38
24,183,2.38
24,206,2.38
24,209,2.38
24,210,2.38
24,212,2.38
24,226,2.38
24,256,2.38
26,3,7.15
26,23,2.38
26,56,2.38
26,70,2.38
26,72,2.38
26,73,14.3
26,75,11.92
26,76,4.77
26,77,19.07
26,78,4.77
26,84,4.77
26,85,2.38
26,87,2.38
26,90,2.38
26,101,2.38
26,104,2.38
26,105,2.38
26,116,4.77
26,117,11.92
26,124,2.38
26,170,2.38
26,181,2.38
26,206,2.38
26,208,2.38
26,235,2.38
26,291,2.38
26,298,2.38
26,324,2.38
26,335,2.38
26,340,2.38
27,23,2.38
27,57,2.38
27,73,2.38
27,74,2.38
27,77,19.07
27,78,2.38
27,79,2.38
27,100,2.38
27,104,2.38
27,117,7.15
27,148,2.38
27,183,2.38
29,19,2.38
29,67,2.38
29,75,2.38
30,3,2.38
30,29,2.38
30,33,2.38
30,50,2.38
30,68,2.38
30,69,2.38
30,72,14.3
30,73,30.99
30,74,9.54
30,75,26.22
30,76,11.92
30,77,38.14
30,78,16.69
30,79,2.38
30,82,2.38
30,83,2.38
30,84,7.15
30,85,11.92
30,87,7.15
30,101,2.38
30,104,4.77
30,106,2.38
30,111,2.38
30,116,4.77
30,211,2.38
30,212,2.38
30,216,2.38
30,238,2.38
30,248,2.38
30,254,2.38
30,263,2.38
30,277,2.38
30,283,2.38
30,289,2.38
30,323,2.38
30,327,2.38
31,5,2.38
31,73,9.54
31,74,2.38
31,75,9.54
31,77,9.54
31,78,4.77
31,85,9.54
31,116,4.77
32,26,2.38
32,77,14.3
32,78,2.38
32,106,2.38
32,222,2.38
32,314,2.38
33,4,4.77
33,33,2.38
33,43,2.38
33,78,4.77
33,84,2.38
33,85,4.77
33,87,4.77
33,90,4.77
33,104,2.38
33,106,2.38
33,118,2.38
33,186,2.38
33,223,2.38
34,72,2.38
34,73,2.38
34,82,2.38
34,83,2.38
34,85,2.38
34,104,2.38
34,109,2.38
34,157,2.38
34,226,2.38
35,31,2.38
35,69,2.38
35,72,4.77
35,73,7.15
35,74,4.77
35,75,9.54
35,76,7.15
35,77,21.45
35,78,7.15
35,79,4.77
35,81,4.77
35,84,9.54
35,85,7.15
35,86,2.38
35,87,16.69
35,179,2.38
35,218,2.38
35,252,2.38
36,4,2.38
36,8,2.38
36,52,4.77
36,56,2.38
36,72,2.38
36,73,19.07
36,74,7.15
36,75,7.15
36,76,9.54
36,77,23.84
36,78,16.69
36,81,9.54
36,85,2.38
36,86,2.38
36,87,4.77
36,91,2.38
36,92,2.38
36,101,7.15
36,102,2.38
36,116,2.38
36,123,2.38
36,124,2.38
36,148,2.38
37,3,2.38
37,41,2.38
37,73,7.15
37,75,2.38
37,77,14.3
37,78,4.77
37,81,2.38
37,104,2.38
37,106,2.38
37,165,2.38
37,251,2.38
37,309,2.38
38,73,2.38
38,74,4.77
38,75,7.15
38,76,9.54
38,77,2.38
38,85,2.38
38,116,7.15
38,119,2.38
38,121,4.77
38,206,2.38
39,20,2.38
39,40,2.38
39,41,9.54
39,73,2.38
39,75,4.77
39,121,2.38
39,123,2.38
39,124,4.77
39,125,19.07
39,126,4.77
39,238,2.38
40,73,4.77
40,75,23.84
40,81,2.38
40,85,2.38
40,101,2.38
40,104,2.38
40,116,4.77
40,121,19.07
40,124,2.38
40,205,2.38
41,1,2.38
41,69,2.38
41,74,2.38
41,75,11.92
41,76,2.38
41,116,7.15
41,121,11.92
41,123,38.14
41,124,16.69
41,125,16.69
41,126,2.38
41,127,2.38
42,3,2.38
42,73,2.38
42,78,2.38
42,84,2.38
42,87,2.38
42,90,4.77
42,95,2.38
42,180,2.38
42,209,2.38
42,237,2.38
42,239,2.38
42,246,2.38
42,317,2.38
43,74,2.38
43,75,7.15
43,77,7.15
43,78,2.38
43,84,2.38
43,85,2.38
43,86,2.38
43,87,2.38
43,121,2.38
43,309,2.38
44,44,2.38
44,72,4.77
44,73,2.38
44,75,2.38
44,77,2.38
44,82,2.38
44,85,2.38
44,109,2.38
44,116,2.38
44,216,2.38
44,277,2.38
45,78,2.38
45,338,2.38
46,73,2.38
46,77,2.38
46,229,2.38
47,106,2.38
48,49,2.38
48,73,4.77
48,74,2.38
48,75,4.77
48,76,7.15
48,77,7.15
48,82,2.38
48,84,4.77
48,86,2.38
48,90,2.38
48,95,2.38
48,110,2.38
48,114,2.38
48,123,2.38
48,314,2.38
49,73,2.38
49,75,4.77
49,78,2.38
49,85,2.38
49,93,2.38
49,114,2.38
50,33,2.38
50,48,4.77
50,72,4.77
50,73,19.07
50,75,7.15
50,76,16.69
50,77,4.77
50,78,4.77
50,82,2.38
50,85,4.77
50,88,2.38
50,91,2.38
50,102,2.38
50,104,4.77
50,105,2.38
50,106,2.38
50,116,2.38
50,218,2.38
50,222,2.38
50,283,2.38
51,35,2.38
51,48,2.38
51,72,2.38
51,73,14.3
51,74,4.77
51,75,2.38
51,76,4.77
51,77,7.15
51,78,2.38
51,87,2.38
51,100,2.38
52,73,2.38
52,76,2.38
52,77,7.15
52,84,2.38
52,107,2.38
52,117,2.38
53,72,4.77
53,73,9.54
53,74,2.38
53,75,4.77
53,76,2.38
53,77,21.45
53,84,2.38
53,85,2.38
53,88,2.38
53,90,4.77
53,101,2.38
53,104,14.3
53,222,2.38
54,3,2.38
54,73,2.38
54,74,4.77
54,77,16.69
54,90,2.38
54,102,4.77
54,104,4.77
54,106,4.77
54,206,2.38
55,73,4.77
55,75,4.77
55,76,2.38
55,77,2.38
55,78,2.38
55,79,2.38
55,91,2.38
55,104,2.38
55,105,2.38
56,57,2.38
56,73,2.38
56,75,11.92
56,77,4.77
56,78,2.38
56,84,4.77
56,85,7.15
56,87,2.38
56,89,4.77
56,90,19.07
56,91,2.38
56,102,2.38
56,104,9.54
56,114,2.38
57,57,2.38
57,73,2.38
57,78,2.38
57,85,2.38
57,106,2.38
58,58,97.74
58,67,2.38
58,148,9.54
59,59,40.52
59,135,2.38
60,10,2.38
60,58,2.38
60,59,2.38
60,60,14.3
60,64,2.38
60,66,9.54
60,145,2.38
60,148,7.15
60,209,2.38
61,134,2.38
61,135,2.38
62,10,2.38
62,60,2.38
62,66,2.38
63,60,2.38
63,63,2.38
64,58,2.38
64,137,2.38
65,67,2.38
65,148,2.38
65,235,2.38
66,58,2.38
66,60,11.92
66,66,16.69
66,136,2.38
66,146,7.15
66,148,2.38
66,248,2.38
67,58,23.84
67,67,95.35
67,68,4.77
67,145,4.77
67,148,7.15
67,157,9.54
67,163,2.38
67,182,2.38
67,237,4.77
68,67,33.37
68,68,9.54
68,138,2.38
68,145,2.38
68,149,2.38
68,150,2.38
68,151,2.38
68,156,2.38
68,157,4.77
68,235,2.38
68,243,2.38
69,69,383.79
69,70,30.99
69,225,2.38
69,256,4.77
69,311,2.38
69,315,2.38
69,320,9.54
69,323,2.38
69,332,2.38
70,69,4.77
70,70,28.61
70,71,14.3
70,250,2.38
70,283,2.38
70,288,14.3
71,69,64.36
71,70,233.61
71,71,19.07
71,278,2.38
71,282,2.38
71,283,83.43
71,284,11.92
71,288,26.22
71,293,2.38
71,324,28.61
72,72,26.22
72,73,14.3
72,74,2.38
72,75,2.38
72,76,2.38
72,77,9.54
73,42,2.38
73,67,2.38
73,72,145.41
73,73,245.53
73,74,21.45
73,75,50.06
73,76,7.15
73,77,159.71
73,78,4.77
73,83,2.38
73,84,2.38
73,85,2.38
73,86,2.38
73,99,2.38
73,100,4.77
73,101,2.38
73,104,2.38
73,256,2.38
74,22,2.38
74,72,7.15
74,73,9.54
74,74,26.22
74,75,47.68
74,76,14.3
74,77,11.92
74,78,2.38
74,95,2.38
74,100,2.38
74,101,2.38
75,8,2.38
75,40,2.38
75,41,2.38
75,72,11.92
75,73,64.36
75,74,2.38
75,75,305.12
75,76,9.54
75,77,14.3
75,116,2.38
75,121,7.15
75,125,2.38
75,130,2.38
75,131,2.38
76,20,2.38
76,21,2.38
76,38,2.38
76,53,2.38
76,72,50.06
76,73,88.2
76,74,114.42
76,75,23.84
76,76,50.06
76,77,35.76
76,78,38.14
76,81,19.07
76,82,2.38
76,84,2.38
76,85,2.38
76,92,2.38
76,101,4.77
76,116,16.69
76,117,4.77
76,121,2.38
76,211,2.38
76,329,2.38
77,21,2.38
77,35,2.38
77,36,2.38
77,53,4.77
77,72,30.99
77,73,16.69
77,74,4.77
77,77,562.57
77,78,2.38
77,79,2.38
77,80,2.38
77,90,4.77
77,97,2.38
77,101,2.38
77,206,2.38
78,20,2.38
78,23,2.38
78,72,7.15
78,73,40.52
78,74,2.38
78,77,145.41
78,78,102.5
78,79,7.15
78,81,2.38
78,85,2.38
78,90,4.77
78,94,2.38
78,95,9.54
78,120,2.38
79,73,2.38
79,77,26.22
79,78,11.92
79,79,2.38
79,80,2.38
79,83,2.38
79,85,9.54
79,104,2.38
80,72,4.77
80,73,2.38
80,77,50.06
80,78,19.07
80,84,2.38
80,102,2.38
81,74,4.77
81,77,21.45
81,78,4.77
81,82,2.38
81,116,2.38
82,35,2.38
82,79,2.38
82,82,28.61
82,83,2.38
82,84,35.76
82,85,42.91
82,86,16.69
82,87,61.98
82,95,2.38
83,73,2.38
83,74,2.38
83,77,11.92
83,78,7.15
83,80,2.38
83,82,14.3
83,84,19.07
83,85,38.14
83,86,9.54
83,87,11.92
83,90,2.38
83,91,2.38
83,98,2.38
84,82,2.38
84,83,4.77
84,84,109.65
84,85,35.76
84,91,2.38
85,79,2.38
85,80,2.38
85,82,14.3
85,84,519.67
85,85,290.82
85,86,11.92
85,87,152.56
85,91,2.38
85,92,2.38
85,94,7.15
85,104,2.38
85,259,2.38
86,82,2.38
86,84,14.3
86,85,28.61
86,86,19.07
86,88,2.38
87,84,2.38
87,85,21.45
87,87,119.19
88,42,2.38
88,72,2.38
88,73,2.38
88,77,2.38
88,79,2.38
88,82,4.77
88,83,7.15
88,84,19.07
88,85,23.84
88,87,11.92
88,88,2.38
88,89,2.38
88,90,4.77
88,91,2.38
88,95,2.38
88,104,2.38
88,123,2.38
89,82,4.77
89,89,7.15
89,91,7.15
90,89,2.38
90,90,83.43
90,94,2.38
90,102,2.38
90,103,2.38
90,104,4.77
90,106,4.77
91,34,2.38
91,48,2.38
91,56,2.38
91,73,2.38
91,74,2.38
91,77,7.15
91,78,2.38
91,80,2.38
91,82,4.77
91,84,14.3
91,85,9.54
91,86,2.38
91,87,4.77
91,88,2.38
91,89,26.22
91,90,33.37
91,91,14.3
91,92,4.77
91,102,2.38
91,104,9.54
91,105,2.38
91,106,2.38
91,211,2.38
92,77,7.15
92,78,2.38
92,82,2.38
92,85,4.77
92,86,2.38
92,87,4.77
92,90,4.77
92,92,2.38
92,104,4.77
92,116,2.38
93,73,2.38
93,77,21.45
93,78,21.45
93,79,14.3
93,82,9.54
93,83,11.92
93,84,9.54
93,85,14.3
93,86,2.38
93,87,2.38
93,88,4.77
94,3,2.38
94,9,2.38
94,26,2.38
94,54,2.38
94,72,4.77
94,73,4.77
94,75,11.92
94,76,7.15
94,77,83.43
94,78,40.52
94,79,2.38
94,81,4.77
94,82,19.07
94,83,14.3
94,84,7.15
94,85,28.61
94,86,16.69
94,87,42.91
94,89,2.38
94,90,7.15
94,91,7.15
94,95,2.38
94,101,2.38
94,104,2.38
94,106,2.38
94,207,2.38
94,339,2.38
95,21,2.38
95,26,2.38
95,72,9.54
95,73,2.38
95,74,2.38
95,77,35.76
95,78,9.54
95,79,7.15
95,82,16.69
95,83,2.38
95,84,4.77
95,85,4.77
95,86,7.15
95,87,2.38
95,89,7.15
95,93,2.38
95,97,2.38
96,55,2.38
96,75,2.38
96,77,2.38
96,78,11.92
96,82,2.38
96,85,7.15
96,86,2.38
96,89,2.38
96,93,4.77
97,73,4.77
97,76,2.38
97,77,7.15
97,78,9.54
97,82,2.38
97,84,9.54
97,85,11.92
97,95,2.38
97,101,2.38
97,206,2.38
98,75,2.38
98,77,2.38
99,72,7.15
99,73,11.92
99,75,2.38
99,78,2.38
99,85,2.38
99,100,2.38
99,101,2.38
100,72,9.54
100,73,30.99
100,74,14.3
100,75,16.69
100,76,7.15
100,77,26.22
100,78,4.77
100,79,2.38
100,81,4.77
100,82,2.38
100,84,2.38
100,90,2.38
100,116,4.77
100,121,2.38
101,53,2.38
101,72,7.15
101,73,45.29
101,74,11.92
101,75,4.77
101,76,30.99
101,77,9.54
101,78,33.37
101,81,9.54
101,85,2.38
101,87,2.38
101,94,2.38
101,101,4.77
101,116,2.38
101,117,4.77
102,49,2.38
102,77,4.77
102,78,4.77
102,83,2.38
102,84,9.54
102,85,9.54
102,87,2.38
102,89,2.38
102,90,4.77
102,91,14.3
102,104,2.38
103,90,7.15
104,6,2.38
104,49,2.38
104,89,2.38
104,90,61.98
104,91,2.38
104,103,7.15
104,104,42.91
104,105,4.77
104,106,2.38
104,117,2.38
104,219,2.38
105,43,2.38
105,90,2.38
105,216,2.38
106,46,2.38
106,48,2.38
106,56,4.77
106,57,4.77
106,82,4.77
106,86,2.38
106,89,2.38
106,90,57.21
106,91,4.77
106,102,4.77
106,103,2.38
106,104,50.06
106,105,45.29
106,106,33.37
106,107,7.15
106,111,7.15
106,114,4.77
106,134,2.38
106,204,2.38
106,207,2.38
106,318,2.38
107,56,2.38
107,57,2.38
107,90,33.37
107,91,4.77
107,104,21.45
107,105,2.38
107,106,42.91
107,107,4.77
107,114,14.3
107,223,2.38
107,225,2.38
109,34,4.77
109,46,2.38
109,47,2.38
109,99,2.38
109,104,2.38
109,105,2.38
109,106,4.77
109,109,4.77
109,110,7.15
109,207,2.38
109,212,2.38
109,222,2.38
109,223,28.61
110,57,2.38
110,104,2.38
110,105,2.38
110,222,2.38
110,223,14.3
110,269,2.38
111,104,7.15
111,105,4.77
111,114,2.38
111,268,2.38
114,55,2.38
116,19,2.38
116,21,2.38
116,72,7.15
116,73,11.92
116,75,11.92
116,76,16.69
116,78,2.38
116,116,7.15
117,26,2.38
117,73,2.38
117,75,2.38
117,116,7.15
118,53,2.38
119,77,2.38
120,72,2.38
120,75,4.77
120,77,4.77
120,101,2.38
120,117,16.69
120,154,2.38
120,332,2.38
121,8,2.38
121,73,2.38
121,75,38.14
121,106,4.77
121,116,4.77
121,121,7.15
121,123,4.77
121,124,23.84
121,125,7.15
122,3,2.38
122,251,2.38
123,123,16.69
124,19,2.38
124,123,14.3
124,124,11.92
124,129,2.38
125,123,2.38
125,124,2.38
125,125,2.38
125,236,2.38
127,10,2.38
127,19,2.38
127,125,4.77
129,124,4.77
129,125,4.77
129,126,2.38
130,77,2.38
130,104,2.38
130,124,2.38
132,41,2.38
132,126,2.38
132,272,2.38
133,58,4.77
133,60,2.38
133,126,2.38
133,148,2.38
133,293,2.38
134,18,2.38
134,66,2.38
134,75,2.38
134,125,4.77
134,156,2.38
134,204,4.77
134,248,2.38
134,250,2.38
135,136,2.38
136,59,11.92
136,60,2.38
136,66,2.38
136,134,2.38
136,182,2.38
137,142,2.38
137,145,4.77
137,146,2.38
137,148,11.92
137,157,2.38
138,58,2.38
138,67,4.77
138,68,2.38
138,151,4.77
138,156,2.38
138,157,2.38
138,167,2.38
138,248,2.38
140,68,2.38
140,145,2.38
141,69,2.38
141,155,2.38
141,161,2.38
141,175,2.38
141,176,4.77
141,183,7.15
141,207,2.38
141,235,2.38
141,236,2.38
141,242,2.38
141,246,2.38
142,66,2.38
142,145,7.15
142,146,7.15
142,148,7.15
142,150,4.77
143,14,2.38
143,137,2.38
143,144,2.38
143,145,2.38
143,146,2.38
143,148,4.77
143,150,4.77
143,247,2.38
143,248,2.38
144,145,2.38
144,148,2.38
145,58,4.77
145,67,9.54
145,143,2.38
145,145,21.45
145,148,23.84
145,152,2.38
146,58,26.22
146,60,2.38
146,66,14.3
146,67,4.77
146,145,16.69
146,148,45.29
146,150,2.38
148,58,38.14
148,60,2.38
148,67,16.69
148,143,2.38
148,144,2.38
148,145,9.54
148,146,2.38
148,148,61.98
148,149,7.15
149,145,2.38
149,146,2.38
149,148,2.38
149,204,2.38
149,248,2.38
150,67,11.92
150,68,7.15
150,145,2.38
150,150,2.38
151,67,9.54
151,68,2.38
151,145,2.38
151,150,2.38
151,245,2.38
152,67,7.15
152,68,2.38
152,145,4.77
153,67,4.77
153,157,2.38
154,58,2.38
154,67,2.38
154,68,2.38
154,145,4.77
154,165,2.38
154,244,2.38
155,67,9.54
155,156,2.38
155,157,2.38
155,243,2.38
156,67,16.69
156,157,4.77
156,165,2.38
156,245,2.38
157,58,16.69
157,67,114.42
157,68,2.38
157,155,2.38
157,157,7.15
157,162,4.77
157,163,2.38
157,165,7.15
157,170,2.38
157,199,2.38
158,67,2.38
158,77,2.38
158,123,2.38
158,189,2.38
159,157,2.38
160,67,4.77
160,165,2.38
161,156,2.38
161,229,2.38
161,240,2.38
162,58,2.38
162,67,4.77
162,155,2.38
162,156,2.38
162,161,2.38
162,183,4.77
163,67,9.54
163,154,2.38
163,155,2.38
163,157,4.77
163,163,2.38
163,182,2.38
163,183,2.38
163,184,2.38
163,241,2.38
164,67,4.77
164,165,7.15
164,166,2.38
164,170,2.38
164,176,2.38
164,182,2.38
164,183,2.38
165,58,2.38
165,67,9.54
165,145,2.38
165,157,7.15
165,163,4.77
165,165,35.76
165,166,2.38
165,167,2.38
165,173,2.38
165,183,4.77
165,340,2.38
166,67,4.77
166,154,2.38
166,157,4.77
166,158,2.38
166,162,2.38
166,164,2.38
166,165,7.15
166,167,2.38
166,170,2.38
166,171,2.38
167,67,2.38
167,157,4.77
167,165,4.77
167,167,4.77
167,173,4.77
168,156,2.38
168,165,2.38
168,168,7.15
168,170,14.3
168,171,2.38
168,174,4.77
168,197,2.38
169,170,2.38
169,176,2.38
169,183,2.38
170,168,2.38
170,170,71.51
170,171,2.38
170,174,2.38
170,175,2.38
170,176,4.77
170,266,2.38
171,157,2.38
171,168,4.77
171,170,23.84
171,171,4.77
171,172,4.77
171,178,2.38
171,196,2.38
172,170,14.3
172,172,2.38
172,174,2.38
173,67,7.15
173,150,2.38
173,157,2.38
173,162,2.38
173,165,11.92
173,167,4.77
173,170,19.07
173,171,7.15
173,173,4.77
173,174,4.77
173,175,2.38
173,176,4.77
173,177,2.38
173,183,7.15
173,186,2.38
173,245,2.38
173,251,2.38
174,170,9.54
174,174,9.54
174,175,2.38
174,176,2.38
174,257,4.77
175,168,2.38
175,170,83.43
175,171,2.38
175,172,7.15
175,174,42.91
175,175,7.15
175,176,35.76
175,177,19.07
175,178,21.45
175,179,11.92
175,180,2.38
175,183,2.38
175,202,2.38
175,256,2.38
175,257,2.38
176,173,2.38
176,175,4.77
176,178,2.38
176,250,2.38
177,67,2.38
177,170,4.77
177,175,4.77
177,176,2.38
177,177,2.38
177,179,2.38
178,170,2.38
178,175,2.38
178,176,2.38
178,178,2.38
178,198,2.38
179,170,4.77
179,201,2.38
180,179,2.38
180,189,2.38
180,202,2.38
181,174,2.38
181,195,4.77
181,202,2.38
182,58,2.38
182,67,7.15
182,75,9.54
182,155,4.77
182,157,9.54
182,161,2.38
182,162,2.38
182,163,19.07
182,164,2.38
182,165,4.77
182,167,2.38
182,173,2.38
182,178,2.38
182,182,2.38
182,183,2.38
182,196,2.38
182,205,4.77
183,19,2.38
183,67,9.54
183,69,4.77
183,94,2.38
183,141,2.38
183,152,2.38
183,157,4.77
183,163,16.69
183,164,14.3
183,165,71.51
183,166,2.38
183,167,23.84
183,168,23.84
183,169,2.38
183,170,64.36
183,172,4.77
183,173,19.07
183,174,14.3
183,175,9.54
183,176,26.22
183,177,4.77
183,178,4.77
183,180,4.77
183,181,2.38
183,182,9.54
183,183,4.77
183,184,14.3
183,186,4.77
183,189,2.38
183,195,2.38
183,197,2.38
183,198,21.45
183,199,2.38
183,202,2.38
183,203,2.38
183,204,2.38
183,223,2.38
183,238,2.38
183,239,2.38
183,302,2.38
183,303,2.38
183,308,2.38
183,309,2.38
183,310,2.38
183,316,2.38
183,323,2.38
183,325,2.38
183,328,2.38
184,157,4.77
184,170,9.54
184,172,2.38
184,174,7.15
184,175,7.15
184,176,4.77
184,178,2.38
184,179,2.38
184,183,2.38
184,184,2.38
184,189,4.77
184,196,2.38
184,238,2.38
184,289,2.38
184,340,2.38
185,170,7.15
185,171,2.38
185,175,2.38
185,184,2.38
186,197,2.38
187,178,2.38
187,199,2.38
187,252,2.38
187,259,2.38
187,308,2.38
187,312,2.38
187,314,2.38
187,347,2.38
188,148,2.38
188,170,2.38
188,177,4.77
188,345,2.38
189,3,2.38
189,58,2.38
189,67,4.77
189,85,2.38
189,155,2.38
189,157,4.77
189,165,4.77
189,166,4.77
189,173,4.77
189,182,2.38
189,198,4.77
189,202,2.38
191,167,2.38
191,170,2.38
191,176,2.38
191,182,2.38
191,185,4.77
192,315,2.38
193,67,4.77
193,155,2.38
193,157,2.38
193,164,2.38
193,165,9.54
193,171,4.77
193,173,2.38
193,174,2.38
193,175,2.38
193,176,2.38
193,177,2.38
193,178,2.38
193,182,4.77
193,183,2.38
193,189,4.77
193,196,2.38
193,198,2.38
193,202,4.77
194,170,2.38
195,177,4.77
195,178,4.77
195,180,2.38
195,198,2.38
195,202,2.38
195,345,2.38
196,164,2.38
196,179,2.38
196,180,2.38
196,195,2.38
196,196,2.38
196,207,2.38
196,225,2.38
196,258,2.38
197,71,2.38
197,165,2.38
197,170,2.38
197,173,2.38
197,177,2.38
197,199,2.38
197,253,2.38
197,286,4.77
198,175,2.38
198,183,2.38
198,198,2.38
198,199,2.38
198,266,2.38
199,180,2.38
202,174,2.38
202,175,2.38
202,178,2.38
202,202,4.77
203,314,2.38
204,1,2.38
204,41,4.77
204,58,2.38
204,60,2.38
204,67,2.38
204,73,2.38
204,75,4.77
204,86,4.77
204,90,2.38
204,121,2.38
204,123,2.38
204,124,2.38
204,148,4.77
204,241,2.38
204,245,2.38
204,248,2.38
204,285,2.38
204,327,2.38
204,331,2.38
204,338,2.38
204,340,2.38
204,346,2.38
205,148,4.77
205,185,2.38
205,191,2.38
205,195,4.77
205,251,2.38
205,283,2.38
205,332,2.38
205,338,2.38
205,344,2.38
205,346,2.38
206,73,7.15
206,74,2.38
206,75,2.38
206,76,2.38
206,81,2.38
206,82,2.38
206,85,2.38
206,87,4.77
206,90,4.77
206,101,2.38
206,104,2.38
206,212,2.38
206,215,4.77
206,222,2.38
206,265,2.38
206,276,4.77
206,308,2.38
206,312,2.38
206,335,2.38
207,69,2.38
207,74,2.38
207,76,4.77
207,77,2.38
207,85,2.38
207,105,4.77
207,107,2.38
207,109,2.38
207,116,2.38
207,121,2.38
207,178,4.77
207,179,2.38
207,258,2.38
207,315,2.38
207,318,2.38
207,323,2.38
207,324,2.38
207,345,2.38
208,3,7.15
208,26,2.38
208,38,2.38
208,51,2.38
208,56,2.38
208,72,2.38
208,73,4.77
208,74,4.77
208,75,2.38
208,76,9.54
208,77,16.69
208,78,2.38
208,85,4.77
208,91,2.38
208,95,2.38
208,97,2.38
208,100,2.38
208,101,4.77
208,102,2.38
208,104,2.38
208,121,2.38
208,134,2.38
208,170,4.77
209,1,2.38
209,3,2.38
209,17,2.38
209,18,2.38
209,40,2.38
209,60,4.77
209,68,2.38
209,72,4.77
209,73,11.92
209,75,33.37
209,77,16.69
209,82,2.38
209,83,2.38
209,84,2.38
209,85,4.77
209,90,2.38
209,104,2.38
209,105,2.38
209,110,4.77
209,121,2.38
209,123,2.38
209,157,2.38
209,161,2.38
209,165,2.38
209,220,2.38
209,222,2.38
209,224,2.38
209,271,2.38
209,340,4.77
210,4,2.38
210,12,2.38
210,33,4.77
210,35,2.38
210,62,2.38
210,68,2.38
210,72,7.15
210,73,2.38
210,74,4.77
210,75,4.77
210,76,2.38
210,78,4.77
210,81,2.38
210,84,2.38
210,90,2.38
210,104,7.15
210,107,4.77
210,155,2.38
210,222,2.38
210,269,2.38
210,271,2.38
210,340,2.38
211,33,2.38
211,76,4.77
211,82,2.38
212,4,2.38
212,20,2.38
212,106,2.38
212,121,2.38
212,178,2.38
212,207,2.38
212,271,2.38
212,283,2.38
213,24,2.38
213,223,2.38
214,68,2.38
214,75,2.38
214,76,2.38
214,77,2.38
214,212,2.38
214,213,2.38
214,222,2.38
214,270,2.38
214,323,2.38
215,3,2.38
215,70,2.38
215,77,2.38
215,104,2.38
215,222,4.77
215,254,2.38
215,278,2.38
216,31,2.38
216,50,2.38
216,67,2.38
216,72,2.38
216,74,2.38
216,76,2.38
216,77,14.3
216,78,4.77
216,84,4.77
216,86,2.38
216,89,2.38
216,90,4.77
216,91,4.77
216,97,2.38
216,103,2.38
216,104,7.15
216,105,7.15
216,106,16.69
216,107,2.38
216,109,9.54
216,116,2.38
216,216,2.38
216,218,4.77
216,222,7.15
216,223,9.54
216,297,2.38
216,310,2.38
217,74,2.38
217,85,2.38
217,104,2.38
217,106,2.38
217,107,2.38
217,271,2.38
218,222,2.38
218,223,7.15
219,4,2.38
219,11,2.38
219,21,2.38
219,30,2.38
219,58,2.38
219,60,2.38
219,72,2.38
219,73,4.77
219,75,19.07
219,82,4.77
219,84,2.38
219,85,4.77
219,86,2.38
219,92,2.38
219,105,2.38
219,106,2.38
219,175,2.38
219,183,2.38
219,205,2.38
219,207,9.54
219,212,2.38
219,213,4.77
219,214,4.77
219,215,2.38
219,220,2.38
219,221,2.38
219,222,2.38
219,228,2.38
219,229,2.38
219,233,2.38
219,250,2.38
219,271,2.38
219,333,2.38
219,338,2.38
220,73,2.38
220,104,2.38
220,229,2.38
220,272,2.38
221,218,2.38
221,221,2.38
221,222,7.15
221,223,7.15
221,226,2.38
221,229,2.38
222,213,2.38
222,221,2.38
222,222,52.44
222,223,26.22
222,225,4.77
222,232,4.77
222,250,2.38
222,256,2.38
222,263,2.38
222,271,4.77
222,272,2.38
222,342,4.77
223,105,4.77
223,109,4.77
223,110,7.15
223,221,7.15
223,222,9.54
223,223,42.91
225,225,4.77
225,262,7.15
225,267,2.38
225,268,7.15
225,270,9.54
225,271,33.37
225,272,42.91
225,273,4.77
225,276,2.38
225,277,11.92
225,278,2.38
225,312,2.38
226,20,2.38
226,226,2.38
227,105,2.38
227,187,2.38
227,212,2.38
227,222,2.38
227,223,7.15
227,316,2.38
228,222,2.38
228,229,2.38
229,252,4.77
229,271,4.77
229,277,2.38
230,222,2.38
230,223,2.38
231,273,2.38
232,213,2.38
232,222,2.38
232,228,2.38
232,260,2.38
233,222,2.38
234,165,4.77
234,338,2.38
235,67,7.15
235,177,2.38
235,195,4.77
235,196,2.38
235,198,4.77
235,202,2.38
235,308,2.38
235,319,2.38
236,76,2.38
236,77,2.38
236,148,4.77
236,170,2.38
236,256,2.38
237,58,2.38
237,73,2.38
237,156,2.38
237,157,2.38
237,162,4.77
237,165,2.38
237,246,2.38
237,250,4.77
238,67,2.38
238,71,2.38
238,75,2.38
238,165,2.38
238,236,2.38
238,268,2.38
238,288,2.38
239,68,2.38
239,163,2.38
239,165,2.38
239,176,2.38
239,187,2.38
239,246,2.38
239,319,2.38
239,324,2.38
240,67,2.38
240,151,2.38
240,157,2.38
240,161,2.38
240,162,2.38
240,220,2.38
240,248,2.38
241,9,2.38
241,16,4.77
241,17,9.54
241,18,2.38
241,59,2.38
241,60,2.38
241,67,52.44
241,68,7.15
241,142,2.38
241,143,2.38
241,145,9.54
241,148,4.77
241,150,2.38
241,151,4.77
241,154,4.77
241,155,9.54
241,156,4.77
241,157,7.15
241,161,2.38
241,162,4.77
241,177,2.38
241,206,2.38
241,212,2.38
241,239,2.38
241,245,2.38
242,145,2.38
242,198,2.38
242,246,2.38
242,310,2.38
243,67,2.38
243,68,2.38
243,145,2.38
243,151,2.38
243,162,4.77
244,58,2.38
244,67,7.15
244,143,2.38
244,155,2.38
244,172,2.38
244,183,2.38
244,231,2.38
244,237,4.77
244,247,2.38
244,339,2.38
244,340,2.38
245,67,14.3
245,68,4.77
245,138,2.38
245,145,4.77
245,151,2.38
245,155,2.38
245,156,2.38
245,157,14.3
245,211,2.38
245,332,2.38
246,141,2.38
246,175,2.38
246,223,2.38
246,238,4.77
246,283,2.38
246,288,2.38
247,58,2.38
247,66,2.38
247,67,7.15
247,68,2.38
247,142,2.38
247,147,2.38
247,148,7.15
247,150,2.38
247,248,2.38
248,19,4.77
248,58,2.38
248,59,16.69
248,60,7.15
248,61,2.38
248,63,2.38
248,64,2.38
248,65,2.38
248,66,2.38
248,67,47.68
248,68,9.54
248,75,2.38
248,135,2.38
248,136,2.38
248,137,2.38
248,143,7.15
248,144,7.15
248,145,11.92
248,146,2.38
248,148,30.99
248,150,7.15
248,152,2.38
248,165,2.38
248,170,2.38
248,205,2.38
248,206,7.15
248,248,2.38
250,12,2.38
250,20,2.38
250,68,2.38
250,69,14.3
250,71,2.38
250,109,2.38
250,121,2.38
250,123,2.38
250,165,2.38
250,167,2.38
250,170,2.38
250,181,4.77
250,183,2.38
250,195,2.38
250,204,2.38
250,207,2.38
250,215,2.38
250,222,2.38
250,229,4.77
250,251,2.38
250,254,2.38
250,256,4.77
250,257,4.77
250,258,4.77
250,268,4.77
250,269,2.38
250,271,4.77
250,275,2.38
250,277,2.38
250,278,2.38
250,282,2.38
250,283,11.92
250,284,4.77
250,286,2.38
250,289,2.38
250,291,2.38
250,294,2.38
250,303,2.38
250,309,2.38
250,312,2.38
250,315,2.38
250,316,2.38
250,317,9.54
250,318,2.38
250,319,2.38
250,320,2.38
250,322,2.38
250,323,9.54
250,326,2.38
250,333,2.38
250,341,2.38
250,345,2.38
250,347,2.38
251,171,2.38
251,177,4.77
252,69,2.38
252,310,2.38
252,323,2.38
252,324,2.38
253,272,2.38
253,278,2.38
253,288,2.38
253,345,2.38
256,58,2.38
256,69,2.38
256,105,2.38
256,256,2.38
256,269,4.77
256,323,2.38
256,340,2.38
256,345,2.38
257,183,2.38
257,317,2.38
257,333,2.38
258,195,2.38
258,225,4.77
258,258,4.77
258,262,2.38
258,263,7.15
258,267,2.38
258,271,4.77
258,273,2.38
258,274,2.38
258,275,4.77
258,283,2.38
258,284,2.38
258,294,2.38
258,298,4.77
258,315,4.77
258,333,2.38
258,336,2.38
259,69,2.38
259,195,2.38
259,345,4.77
260,195,2.38
260,225,2.38
260,254,2.38
261,86,2.38
262,69,2.38
262,222,4.77
262,225,2.38
262,250,4.77
262,262,2.38
262,263,2.38
262,267,4.77
262,270,7.15
262,271,7.15
262,272,2.38
262,277,2.38
262,281,2.38
262,288,2.38
263,85,2.38
263,170,2.38
263,221,2.38
263,222,4.77
263,225,2.38
263,250,2.38
263,256,2.38
263,258,4.77
263,262,7.15
263,263,4.77
263,265,2.38
263,268,2.38
263,272,4.77
263,275,2.38
263,303,2.38
263,308,4.77
263,324,2.38
264,58,2.38
264,69,2.38
264,157,2.38
264,215,2.38
264,241,2.38
264,263,2.38
264,269,4.77
264,271,2.38
264,304,2.38
264,312,2.38
265,70,4.77
265,259,2.38
265,263,2.38
265,265,2.38
265,268,4.77
265,271,2.38
265,272,4.77
265,273,2.38
265,274,2.38
265,277,4.77
265,278,2.38
265,283,4.77
265,293,2.38
265,308,2.38
266,70,2.38
266,170,4.77
266,179,2.38
266,195,4.77
266,269,2.38
266,273,2.38
266,274,2.38
266,281,2.38
266,293,2.38
266,294,9.54
266,303,2.38
266,304,2.38
266,312,7.15
266,315,2.38
266,331,2.38
266,336,2.38
267,268,2.38
267,271,2.38
268,69,4.77
268,162,2.38
268,225,2.38
268,263,2.38
268,264,2.38
268,265,2.38
268,266,2.38
268,269,7.15
268,270,2.38
268,271,11.92
268,272,2.38
268,273,4.77
268,280,4.77
268,286,2.38
268,289,2.38
268,292,4.77
268,317,2.38
268,327,2.38
268,333,2.38
269,70,2.38
269,268,4.77
269,269,9.54
269,271,2.38
269,273,2.38
269,274,2.38
269,275,4.77
269,279,2.38
269,281,2.38
269,289,2.38
269,291,2.38
269,325,2.38
269,331,7.15
269,332,2.38
269,335,2.38
270,225,4.77
270,268,4.77
270,270,4.77
270,271,14.3
270,272,4.77
270,273,4.77
271,254,2.38
271,262,4.77
271,268,2.38
271,270,2.38
271,271,23.84
271,272,23.84
271,273,2.38
271,277,9.54
271,278,4.77
272,272,9.54
272,277,7.15
273,265,2.38
273,272,4.77
273,273,2.38
273,274,2.38
273,275,4.77
273,277,2.38
274,70,4.77
274,272,2.38
274,273,11.92
274,275,4.77
274,276,2.38
274,277,2.38
274,278,4.77
274,280,2.38
274,281,2.38
274,282,2.38
274,283,4.77
274,286,2.38
274,288,2.38
274,290,2.38
274,292,4.77
274,295,2.38
274,296,2.38
274,333,4.77
275,262,2.38
275,272,2.38
275,275,2.38
275,276,2.38
275,277,2.38
276,275,4.77
276,278,4.77
276,279,4.77
276,285,2.38
276,289,2.38
276,296,2.38
277,250,2.38
277,270,2.38
277,272,9.54
277,275,9.54
277,277,11.92
277,278,4.77
278,270,2.38
278,274,2.38
278,277,16.69
278,278,33.37
278,279,2.38
278,280,2.38
278,282,38.14
278,300,2.38
278,331,2.38
279,275,4.77
279,278,9.54
279,281,2.38
279,282,2.38
279,289,2.38
280,278,4.77
280,279,4.77
280,280,4.77
280,282,4.77
281,276,2.38
281,281,7.15
281,282,2.38
281,292,2.38
281,296,2.38
281,324,2.38
281,328,2.38
281,331,2.38
281,333,2.38
282,278,9.54
282,280,2.38
282,282,73.9
282,283,16.69
282,284,9.54
282,298,2.38
282,330,2.38
282,331,2.38
283,258,2.38
283,282,2.38
283,283,140.64
283,284,21.45
283,288,7.15
283,318,2.38
283,330,2.38
283,345,2.38
284,283,19.07
284,284,2.38
284,288,2.38
285,278,11.92
285,282,4.77
285,283,9.54
285,284,4.77
285,285,7.15
285,286,4.77
285,288,2.38
285,327,2.38
285,328,4.77
285,330,2.38
286,285,2.38
286,286,9.54
286,288,2.38
286,327,7.15
286,329,4.77
287,285,2.38
287,286,4.77
287,288,2.38
288,70,9.54
288,283,4.77
288,288,14.3
288,328,2.38
289,70,2.38
289,252,2.38
289,269,2.38
289,273,2.38
289,274,2.38
289,279,2.38
289,281,4.77
289,288,2.38
289,290,2.38
289,296,4.77
289,331,2.38
289,333,2.38
290,70,2.38
290,269,2.38
290,289,2.38
290,290,2.38
290,292,2.38
290,296,4.77
290,331,2.38
291,69,11.92
291,70,2.38
291,71,4.77
291,180,2.38
291,207,2.38
291,258,2.38
291,265,9.54
291,267,2.38
291,268,4.77
291,269,11.92
291,271,2.38
291,277,4.77
291,279,4.77
291,280,4.77
291,281,2.38
291,282,7.15
291,283,11.92
291,290,7.15
291,292,4.77
291,293,2.38
291,296,2.38
291,298,2.38
291,300,4.77
291,308,2.38
291,309,16.69
291,312,2.38
291,314,7.15
291,317,2.38
291,320,2.38
291,321,4.77
291,323,2.38
291,324,2.38
291,325,2.38
291,327,4.77
291,331,2.38
291,332,4.77
291,333,11.92
291,335,2.38
291,345,7.15
292,58,2.38
292,70,4.77
292,178,2.38
292,266,2.38
292,269,4.77
292,273,2.38
292,276,2.38
292,285,2.38
292,288,2.38
292,290,2.38
292,292,2.38
292,294,2.38
292,323,2.38
292,331,2.38
293,69,7.15
293,70,7.15
293,71,4.77
293,269,4.77
293,274,16.69
293,275,4.77
293,276,4.77
293,278,30.99
293,279,9.54
293,280,11.92
293,281,9.54
293,282,19.07
293,283,2.38
293,288,2.38
293,289,2.38
293,290,2.38
293,291,2.38
293,292,7.15
293,293,2.38
293,296,9.54
293,298,2.38
293,302,2.38
293,304,2.38
293,315,2.38
293,317,2.38
293,321,2.38
293,325,2.38
293,327,4.77
293,329,2.38
293,330,2.38
293,334,2.38
293,335,2.38
293,336,2.38
294,269,4.77
294,279,2.38
294,280,2.38
294,281,2.38
294,282,2.38
294,284,2.38
294,288,2.38
294,295,2.38
294,314,2.38
294,333,2.38
295,278,2.38
296,69,2.38
296,273,4.77
296,274,4.77
296,278,2.38
296,282,4.77
296,283,2.38
296,286,2.38
296,294,7.15
296,298,2.38
296,323,2.38
296,324,2.38
296,328,2.38
296,333,4.77
297,276,2.38
297,292,2.38
297,296,2.38
297,316,2.38
298,276,2.38
298,280,2.38
298,282,4.77
298,283,9.54
298,284,2.38
298,291,2.38
298,294,2.38
298,297,2.38
298,300,2.38
298,302,11.92
298,307,4.77
298,308,21.45
298,309,14.3
298,310,14.3
298,314,2.38
298,318,2.38
298,319,4.77
298,323,2.38
298,347,11.92
299,252,2.38
299,256,2.38
299,309,2.38
300,71,2.38
300,78,2.38
300,215,2.38
300,221,2.38
300,256,4.77
300,258,2.38
300,272,2.38
300,275,2.38
300,292,2.38
300,297,4.77
300,307,2.38
300,308,4.77
300,312,2.38
300,314,2.38
300,316,2.38
300,317,2.38
300,319,4.77
300,322,2.38
301,310,2.38
302,274,4.77
302,286,2.38
302,299,4.77
302,301,2.38
302,307,7.15
302,331,2.38
302,333,2.38
303,69,4.77
303,295,2.38
303,297,2.38
303,302,2.38
303,303,2.38
303,304,2.38
303,308,2.38
303,319,2.38
303,326,2.38
303,347,4.77
304,69,4.77
304,288,2.38
304,295,11.92
304,296,11.92
304,303,2.38
304,304,7.15
304,305,2.38
304,306,9.54
304,309,4.77
304,312,4.77
304,313,2.38
304,314,9.54
304,316,11.92
304,319,4.77
304,325,4.77
304,331,2.38
304,332,2.38
304,333,19.07
305,309,2.38
305,312,2.38
305,317,2.38
305,335,2.38
305,336,2.38
305,347,2.38
306,69,2.38
306,84,2.38
306,309,2.38
306,310,2.38
306,317,2.38
306,325,2.38
306,334,2.38
307,308,2.38
307,310,2.38
308,298,2.38
308,300,2.38
308,309,7.15
308,314,4.77
308,323,4.77
309,199,2.38
309,307,2.38
309,308,2.38
309,309,2.38
309,312,4.77
310,4,2.38
310,302,2.38
310,308,4.77
310,310,9.54
310,314,11.92
310,322,2.38
311,69,2.38
311,309,2.38
311,319,2.38
312,69,4.77
312,252,2.38
312,256,4.77
312,297,2.38
312,309,2.38
312,310,7.15
312,311,2.38
312,312,30.99
312,313,2.38
312,314,9.54
312,316,4.77
312,317,2.38
312,320,4.77
312,324,2.38
312,326,2.38
313,283,2.38
313,287,2.38
313,288,2.38
313,331,4.77
313,336,4.77
314,256,2.38
314,301,2.38
314,310,2.38
314,311,2.38
314,312,2.38
314,314,11.92
314,319,14.3
315,69,2.38
315,312,2.38
315,315,2.38
315,319,2.38
315,322,2.38
316,314,11.92
316,315,2.38
316,319,2.38
317,69,2.38
317,70,2.38
317,256,2.38
317,312,2.38
317,314,9.54
317,315,2.38
317,317,4.77
317,319,4.77
317,322,2.38
317,324,7.15
317,325,4.77
317,326,4.77
317,334,2.38
318,256,2.38
318,283,2.38
318,317,9.54
318,318,4.77
318,322,2.38
318,325,2.38
318,326,11.92
318,327,2.38
319,69,4.77
319,302,2.38
319,314,4.77
319,317,2.38
319,318,2.38
319,320,7.15
319,322,2.38
319,323,2.38
319,324,4.77
320,69,11.92
320,256,2.38
320,309,2.38
320,312,2.38
320,315,2.38
320,319,7.15
320,320,4.77
320,321,2.38
320,322,7.15
320,323,4.77
320,324,4.77
320,325,4.77
320,327,2.38
321,69,11.92
321,71,2.38
321,315,2.38
321,320,2.38
321,323,4.77
321,324,2.38
321,325,2.38
321,327,2.38
321,328,2.38
321,336,2.38
322,69,7.15
322,320,2.38
322,322,4.77
322,323,16.69
323,69,85.82
323,253,2.38
323,291,2.38
323,324,2.38
324,69,4.77
324,70,4.77
324,71,16.69
324,256,4.77
324,288,2.38
324,321,2.38
324,322,2.38
324,324,23.84
324,325,4.77
324,328,2.38
325,69,2.38
325,71,2.38
325,322,2.38
325,323,2.38
325,324,2.38
325,325,2.38
325,327,4.77
325,328,2.38
325,332,2.38
326,69,2.38
326,71,2.38
326,256,2.38
326,317,4.77
326,318,2.38
326,323,2.38
326,325,2.38
326,326,9.54
327,69,2.38
327,70,4.77
327,71,2.38
327,280,2.38
327,286,2.38
327,304,2.38
327,323,2.38
327,324,4.77
327,325,2.38
327,327,11.92
327,328,4.77
327,329,7.15
327,332,2.38
327,334,2.38
328,69,28.61
328,70,26.22
328,71,57.21
328,278,4.77
328,279,2.38
328,280,4.77
328,282,64.36
328,283,71.51
328,284,4.77
328,285,52.44
328,286,61.98
328,287,23.84
328,288,78.66
328,289,2.38
328,294,2.38
328,312,2.38
328,319,4.77
328,320,11.92
328,322,2.38
328,323,4.77
328,324,92.97
328,325,50.06
328,326,21.45
328,327,64.36
328,329,28.61
328,330,11.92
328,331,54.83
328,332,4.77
328,333,2.38
328,336,2.38
329,283,9.54
329,327,11.92
329,329,4.77
329,330,2.38
330,283,2.38
330,285,11.92
330,287,2.38
330,288,4.77
330,327,2.38
330,328,7.15
330,329,2.38
330,331,9.54
331,70,2.38
331,252,2.38
331,253,2.38
331,256,2.38
331,278,2.38
331,285,2.38
331,287,2.38
331,331,2.38
332,69,42.91
332,71,2.38
332,276,2.38
332,281,23.84
332,284,4.77
332,315,9.54
332,316,7.15
332,317,38.14
332,318,61.98
332,319,9.54
332,320,2.38
332,321,2.38
332,322,19.07
332,323,2.38
332,324,9.54
332,325,7.15
332,326,28.61
332,327,23.84
332,328,7.15
332,330,4.77
332,331,28.61
332,332,35.76
332,333,54.83
332,334,2.38
332,336,11.92
333,70,2.38
333,268,2.38
333,269,2.38
333,285,2.38
333,296,4.77
333,304,2.38
333,317,2.38
333,318,2.38
333,329,2.38
333,332,7.15
333,333,11.92
333,334,2.38
333,336,7.15
334,317,4.77
334,334,2.38
335,268,2.38
335,305,2.38
335,309,2.38
335,310,4.77
335,311,2.38
335,312,19.07
335,313,14.3
335,314,21.45
335,315,4.77
335,317,4.77
335,323,2.38
335,324,2.38
335,326,4.77
335,333,4.77
335,334,2.38
335,336,4.77
336,69,2.38
336,283,2.38
336,312,30.99
336,316,4.77
336,317,9.54
336,325,4.77
336,327,2.38
336,332,2.38
336,333,7.15
336,334,7.15
336,336,2.38
337,183,2.38
338,21,2.38
338,58,2.38
338,60,4.77
338,67,2.38
338,94,2.38
338,134,2.38
338,137,2.38
338,157,2.38
338,163,2.38
338,193,2.38
338,204,4.77
338,207,2.38
338,242,2.38
338,243,2.38
338,310,2.38
339,1,2.38
339,13,2.38
339,39,2.38
339,41,2.38
339,67,2.38
339,71,2.38
339,73,19.07
339,75,19.07
339,76,4.77
339,77,16.69
339,78,7.15
339,85,7.15
339,86,7.15
339,87,4.77
339,101,7.15
339,102,2.38
339,104,4.77
339,105,4.77
339,116,4.77
339,121,2.38
339,123,4.77
339,124,11.92
339,125,2.38
339,132,2.38
339,134,2.38
339,144,2.38
339,157,2.38
339,206,2.38
339,218,2.38
339,241,2.38
339,243,2.38
339,275,2.38
339,277,2.38
339,293,2.38
339,310,2.38
339,313,2.38
339,336,2.38
339,345,2.38
339,346,2.38
340,1,4.77
340,3,2.38
340,7,2.38
340,18,4.77
340,59,4.77
340,60,4.77
340,66,2.38
340,67,14.3
340,68,7.15
340,75,2.38
340,78,2.38
340,90,2.38
340,104,4.77
340,116,2.38
340,121,2.38
340,125,2.38
340,145,7.15
340,148,9.54
340,158,2.38
340,161,2.38
340,165,4.77
340,183,2.38
340,191,2.38
340,206,2.38
340,213,2.38
340,219,2.38
340,223,4.77
340,238,2.38
340,240,2.38
340,248,4.77
340,277,2.38
340,288,2.38
341,138,2.38
341,180,2.38
341,238,4.77
341,340,2.38
342,106,2.38
342,222,9.54
342,223,9.54
343,67,7.15
343,68,2.38
343,162,2.38
344,222,2.38
345,50,2.38
345,69,2.38
345,70,4.77
345,170,2.38
345,180,7.15
345,195,4.77
345,196,4.77
345,250,2.38
345,259,2.38
345,265,7.15
345,266,2.38
345,268,4.77
345,269,4.77
345,270,2.38
345,271,4.77
345,272,4.77
345,273,4.77
345,274,2.38
345,275,2.38
345,290,2.38
345,314,2.38
345,319,2.38
345,332,2.38
345,345,7.15
346,1,4.77
346,4,2.38
346,10,2.38
346,18,4.77
346,20,2.38
346,41,2.38
346,51,2.38
346,65,2.38
346,67,4.77
346,73,4.77
346,75,16.69
346,78,2.38
346,90,2.38
346,104,2.38
346,116,2.38
346,121,4.77
346,123,7.15
346,124,7.15
346,125,2.38
346,127,4.77
346,129,2.38
346,164,2.38
346,172,2.38
346,175,2.38
346,183,4.77
346,205,4.77
346,206,2.38
346,207,2.38
346,212,2.38
346,217,2.38
346,236,2.38
346,283,2.38
346,308,2.38
346,309,2.38
346,326,2.38
346,327,2.38
346,335,2.38
346,340,2.38
346,346,2.38
347,200,2.38
347,300,2.38
347,302,4.77
347,308,4.77
347,309,7.15
347,310,2.38
347,312,2.38
347,314,2.38
347,317,2.38